N,종목명,현재가,전일비,등락률,액면가,매출액,자산총계,영업이익
1.0,삼성전자,57500.0,900.0,-1.54%,100.0,2796048.0,4266212.0,516339.0
2.0,LG에너지솔루션,482000.0,19000.0,+4.10%,500.0,178519.0,237641.0,7685.0
3.0,SK하이닉스,91700.0,700.0,-0.76%,5000.0,429978.0,963865.0,124103.0
4.0,삼성바이오로직스,838000.0,12000.0,+1.45%,2500.0,15680.0,79700.0,5373.0
5.0,삼성전자우,53100.0,600.0,-1.12%,100.0,,,
6.0,LG화학,610000.0,13000.0,-2.09%,5000.0,426547.0,511353.0,50255.0
7.0,현대차,196500.0,1000.0,+0.51%,5000.0,1176106.0,2339464.0,66789.0
8.0,삼성SDI,576000.0,1000.0,+0.17%,5000.0,135532.0,258332.0,10676.0
9.0,NAVER,234000.0,2000.0,-0.85%,100.0,68176.0,336910.0,13255.0
10.0,기아,80800.0,600.0,+0.75%,5000.0,698624.0,668500.0,50657.0
11.0,카카오,70200.0,1200.0,-1.68%,100.0,61367.0,227796.0,5949.0
12.0,셀트리온,184500.0,2000.0,-1.07%,1000.0,19116.0,56741.0,7569.0
13.0,삼성물산,116000.0,1000.0,-0.85%,100.0,344552.0,552454.0,11960.0
14.0,POSCO홀딩스,246000.0,7000.0,-2.77%,5000.0,763323.0,914716.0,92381.0
15.0,현대모비스,214000.0,2000.0,+0.94%,5000.0,417022.0,514825.0,20401.0
16.0,KB금융,47150.0,600.0,-1.26%,5000.0,589176.0,6638958.0,60976.0
17.0,신한지주,34600.0,300.0,-0.86%,5000.0,286756.0,6481522.0,59521.0
18.0,SK이노베이션,181500.0,3000.0,+1.68%,5000.0,468429.0,495574.0,17542.0
19.0,SK,224500.0,1000.0,+0.45%,200.0,983250.0,1653809.0,49355.0
20.0,LG전자,97300.0,400.0,-0.41%,5000.0,747216.0,534815.0,38638.0
21.0,삼성생명,64100.0,2500.0,+4.06%,500.0,350791.0,3413826.0,17010.0
22.0,한국전력,19850.0,500.0,-2.46%,5000.0,605748.0,2111089.0,-58601.0
23.0,포스코케미칼,164500.0,1500.0,+0.92%,500.0,19895.0,39225.0,1217.0
24.0,LG,78800.0,900.0,-1.13%,5000.0,68590.0,256698.0,24601.0
25.0,카카오뱅크,25850.0,250.0,-0.96%,5000.0,10649.0,360401.0,2569.0
26.0,두산에너빌리티,19100.0,100.0,-0.52%,5000.0,112836.0,237205.0,8779.0
27.0,현대중공업,133500.0,500.0,-0.37%,5000.0,83113.0,150787.0,-8003.0
28.0,고려아연,618000.0,26000.0,-4.04%,5000.0,99768.0,99640.0,10961.0
29.0,SK텔레콤,52600.0,200.0,+0.38%,100.0,167486.0,309113.0,13872.0
30.0,KT&G,83000.0,200.0,+0.24%,5000.0,52284.0,116373.0,13384.0
31.0,크래프톤,232000.0,4000.0,-1.69%,100.0,18863.0,56351.0,6396.0
32.0,하나금융지주,37700.0,200.0,+0.53%,5000.0,416778.0,5024453.0,46311.0
33.0,S-Oil,98400.0,700.0,-0.71%,2500.0,274639.0,186932.0,21409.0
34.0,LG생활건강,691000.0,4000.0,+0.58%,5000.0,80915.0,75552.0,12896.0
35.0,HMM,21350.0,250.0,-1.16%,5000.0,137941.0,178761.0,73775.0
36.0,삼성전기,136500.0,1500.0,+1.11%,5000.0,96750.0,99414.0,14869.0
37.0,한화솔루션,51100.0,700.0,-1.35%,5000.0,107252.0,200076.0,7383.0
38.0,삼성에스디에스,125500.0,500.0,-0.40%,500.0,136300.0,105174.0,8081.0
39.0,대한항공,26150.0,0.0,0.00%,5000.0,90168.0,266719.0,14180.0
40.0,KT,36650.0,0.0,0.00%,5000.0,248980.0,371593.0,16718.0
41.0,삼성화재,192000.0,0.0,0.00%,500.0,244443.0,949340.0,15069.0
42.0,SK바이오사이언스,111000.0,3000.0,+2.78%,500.0,9290.0,21101.0,4742.0
43.0,우리금융지주,11450.0,100.0,-0.87%,5000.0,271910.0,4471839.0,36597.0
44.0,LG이노텍,345500.0,9500.0,+2.83%,5000.0,149456.0,77414.0,12642.0
45.0,엔씨소프트,368000.0,9000.0,-2.39%,500.0,23088.0,45819.0,3752.0
46.0,카카오페이,58200.0,1000.0,-1.69%,500.0,4586.0,34327.0,-272.0
47.0,기업은행,9430.0,30.0,-0.32%,5000.0,174917.0,3980719.0,32313.0
48.0,아모레퍼시픽,119500.0,500.0,-0.42%,500.0,48631.0,61167.0,3434.0
49.0,하이브,168500.0,2000.0,+1.20%,500.0,12559.0,47289.0,1902.0
50.0,한국조선해양,91100.0,1900.0,-2.04%,5000.0,154934.0,272931.0,-13848.0
51.0,현대글로비스,171500.0,1000.0,+0.59%,500.0,217796.0,121709.0,11262.0
52.0,CJ제일제당,400000.0,500.0,-0.12%,5000.0,262892.0,268558.0,15244.0
53.0,한국항공우주,60600.0,500.0,+0.83%,5000.0,25623.0,58552.0,583.0
54.0,롯데케미칼,169000.0,1500.0,-0.88%,5000.0,181205.0,228700.0,15356.0
55.0,SK아이이테크놀로지,79600.0,100.0,-0.13%,1000.0,6038.0,31845.0,892.0
56.0,LG디스플레이,15700.0,0.0,0.00%,5000.0,298780.0,381545.0,22306.0
57.0,강원랜드,26050.0,300.0,-1.14%,500.0,7884.0,38273.0,-527.0
58.0,SK스퀘어,39050.0,350.0,-0.89%,100.0,11464.0,226391.0,4198.0
59.0,SK바이오팜,70100.0,1100.0,-1.54%,500.0,4186.0,6437.0,950.0
60.0,한온시스템,10150.0,100.0,+1.00%,100.0,73514.0,82337.0,3258.0
61.0,KODEX 200,31325.0,175.0,-0.56%,0.0,,,
62.0,F&F,139000.0,4000.0,+2.96%,100.0,10892.0,11465.0,3227.0
63.0,넷마블,60000.0,900.0,-1.48%,100.0,25069.0,106638.0,1510.0
64.0,맥쿼리인프라,12650.0,0.0,0.00%,0.0,,,
65.0,현대건설,45050.0,600.0,-1.31%,5000.0,180655.0,196373.0,7535.0
66.0,삼성중공업,5660.0,80.0,-1.39%,1000.0,66220.0,121386.0,-13120.0
67.0,LG유플러스,11350.0,150.0,+1.34%,5000.0,138511.0,193705.0,9790.0
68.0,HD현대,61700.0,100.0,+0.16%,1000.0,281587.0,358157.0,10854.0
69.0,한국타이어앤테크놀로지,38650.0,950.0,+2.52%,500.0,71411.0,117039.0,6422.0
70.0,코웨이,61300.0,300.0,-0.49%,500.0,36643.0,38006.0,6402.0
71.0,삼성엔지니어링,22400.0,50.0,-0.22%,5000.0,74867.0,60587.0,5033.0
72.0,SKC,115000.0,1000.0,+0.88%,5000.0,33961.0,61801.0,4647.0
73.0,롯데지주,40950.0,450.0,-1.09%,200.0,99249.0,199219.0,2164.0
74.0,메리츠화재,36750.0,200.0,-0.54%,500.0,118614.0,276890.0,9076.0
75.0,GS,45750.0,100.0,+0.22%,5000.0,202401.0,311913.0,26403.0
76.0,DB손해보험,59900.0,600.0,+1.01%,500.0,208806.0,647516.0,11084.0
77.0,현대제철,31500.0,750.0,-2.33%,5000.0,228499.0,370423.0,24475.0
78.0,현대미포조선,103500.0,2000.0,+1.97%,5000.0,28872.0,38783.0,-2173.0
79.0,유한양행,56000.0,100.0,-0.18%,1000.0,16878.0,24638.0,486.0
80.0,한화에어로스페이스,80600.0,800.0,+1.00%,5000.0,64151.0,110458.0,3830.0
81.0,미래에셋증권,6470.0,10.0,-0.15%,5000.0,131448.0,1086418.0,14855.0
82.0,한국가스공사,42550.0,450.0,+1.07%,5000.0,275208.0,436699.0,12397.0
83.0,오리온,97000.0,500.0,-0.51%,500.0,23555.0,31204.0,3729.0
84.0,금호석유,125000.0,2500.0,-1.96%,5000.0,84618.0,81157.0,24068.0
85.0,한미약품,299000.0,3000.0,-0.99%,2500.0,12032.0,19367.0,1254.0
86.0,메리츠금융지주,28300.0,1000.0,-3.41%,500.0,356499.0,820309.0,18006.0
87.0,삼성카드,31000.0,50.0,-0.16%,5000.0,35881.0,271442.0,7493.0
88.0,에스디바이오센서,33200.0,150.0,-0.45%,500.0,29300.0,30051.0,13640.0
89.0,현대차2우B,93100.0,100.0,+0.11%,5000.0,,,
90.0,두산밥캣,33600.0,400.0,-1.18%,500.0,58162.0,85809.0,5953.0
91.0,쌍용C&E,6680.0,140.0,-2.05%,100.0,16614.0,35648.0,2487.0
92.0,현대오토에버,121000.0,2500.0,+2.11%,500.0,20704.0,23461.0,961.0
93.0,현대로템,30200.0,350.0,+1.17%,5000.0,28725.0,41072.0,802.0
94.0,TIGER 차이나전기차SOLACTIVE,14540.0,90.0,-0.62%,0.0,,,
95.0,한진칼,48650.0,1150.0,-2.31%,2500.0,3953.0,37547.0,-1952.0
96.0,NH투자증권,9740.0,50.0,-0.51%,5000.0,107622.0,585420.0,12939.0
97.0,포스코인터내셔널,25800.0,250.0,-0.96%,5000.0,339489.0,107707.0,5854.0
98.0,일진머티리얼즈,68800.0,1200.0,-1.71%,500.0,6889.0,17536.0,699.0
99.0,한국금융지주,56000.0,400.0,+0.72%,5000.0,137861.0,820366.0,15210.0
100.0,삼성증권,33300.0,0.0,0.00%,5000.0,98095.0,657075.0,13087.0
101.0,한미사이언스,43300.0,400.0,-0.92%,500.0,9502.0,9499.0,589.0
102.0,메리츠증권,4590.0,45.0,-0.97%,1000.0,232474.0,541082.0,9489.0
103.0,한화시스템,15150.0,450.0,-2.88%,5000.0,20895.0,38943.0,1120.0
104.0,호텔신라,72400.0,500.0,-0.69%,5000.0,37791.0,26564.0,1188.0
105.0,GS리테일,26950.0,1000.0,+3.85%,1000.0,97657.0,94560.0,2085.0
106.0,현대해상,31350.0,450.0,+1.46%,500.0,188422.0,528180.0,6393.0
107.0,아모레G,33800.0,700.0,-2.03%,500.0,53261.0,80381.0,3562.0
108.0,롯데쇼핑,96800.0,700.0,+0.73%,5000.0,155736.0,334265.0,2076.0
109.0,이마트,97000.0,300.0,+0.31%,5000.0,249327.0,312421.0,3168.0
110.0,씨에스윈드,64100.0,3000.0,-4.47%,500.0,12034.0,17739.0,1010.0
111.0,BGF리테일,156000.0,1500.0,-0.95%,1000.0,67812.0,25964.0,1994.0
112.0,팬오션,5030.0,30.0,+0.60%,1000.0,46161.0,64888.0,5729.0
113.0,CJ대한통운,117500.0,500.0,-0.42%,5000.0,113437.0,89939.0,3439.0
114.0,한전기술,68400.0,1100.0,-1.58%,200.0,4331.0,7055.0,101.0
115.0,OCI,109000.0,1500.0,-1.36%,5000.0,32440.0,57041.0,6260.0
116.0,KCC,284000.0,3500.0,-1.22%,5000.0,58749.0,128789.0,3888.0
117.0,GS건설,29200.0,200.0,+0.69%,5000.0,90366.0,151837.0,6465.0
118.0,제일기획,21600.0,50.0,+0.23%,200.0,33257.0,25421.0,2482.0
119.0,만도,52800.0,0.0,0.00%,1000.0,61474.0,57044.0,2323.0
120.0,한솔케미칼,215000.0,4500.0,+2.14%,5000.0,7687.0,11972.0,1977.0
121.0,두산퓨얼셀,35500.0,1150.0,-3.14%,100.0,3814.0,6989.0,180.0
122.0,LIG넥스원,105500.0,2500.0,+2.43%,5000.0,18222.0,25768.0,972.0
123.0,한화,30500.0,650.0,-2.09%,5000.0,528361.0,2023664.0,29279.0
124.0,동서,22800.0,1050.0,-4.40%,500.0,5353.0,15826.0,384.0
125.0,KODEX 200선물인버스2X,3185.0,30.0,+0.95%,0.0,,,
126.0,현대차우,91500.0,200.0,+0.22%,5000.0,,,
127.0,LG화학우,289500.0,3500.0,-1.19%,5000.0,,,
128.0,CJ,76200.0,600.0,-0.78%,5000.0,344840.0,419560.0,18818.0
129.0,TIGER 미국나스닥100,74840.0,1360.0,+1.85%,0.0,,,
130.0,신세계,220000.0,500.0,-0.23%,5000.0,63164.0,136445.0,5174.0
131.0,에스원,56900.0,500.0,+0.89%,500.0,23125.0,19730.0,1797.0
132.0,대한전선,1720.0,20.0,-1.15%,100.0,19977.0,14209.0,395.0
133.0,키움증권,81600.0,300.0,-0.37%,5000.0,58662.0,453011.0,12089.0
134.0,BNK금융지주,6560.0,40.0,-0.61%,5000.0,55807.0,1282870.0,10920.0
135.0,하이트진로,29600.0,550.0,-1.82%,5000.0,22029.0,36311.0,1741.0
136.0,LS,64300.0,100.0,-0.16%,5000.0,130891.0,126259.0,5837.0
137.0,대우건설,4970.0,50.0,-1.00%,5000.0,86852.0,104580.0,7383.0
138.0,현대위아,75200.0,100.0,-0.13%,5000.0,75277.0,77495.0,1027.0
139.0,대우조선해양,19000.0,250.0,-1.30%,5000.0,44866.0,106232.0,-17547.0
140.0,TIGER 200,31355.0,155.0,-0.49%,0.0,,,
141.0,한화생명,2300.0,65.0,+2.91%,5000.0,271736.0,1635914.0,13520.0
142.0,KODEX 레버리지,14620.0,155.0,-1.05%,0.0,,,
143.0,영원무역,44050.0,1300.0,+3.04%,500.0,27925.0,35476.0,4425.0
144.0,DB하이텍,43700.0,850.0,-1.91%,5000.0,12147.0,15499.0,3991.0
145.0,대웅제약,166500.0,3000.0,-1.77%,2500.0,11530.0,14152.0,889.0
146.0,코스모신소재,62700.0,400.0,-0.63%,1000.0,3059.0,3485.0,218.0
147.0,효성첨단소재,419000.0,5500.0,-1.30%,5000.0,35978.0,29087.0,4373.0
148.0,TIGER 미국S&P500,13570.0,200.0,+1.50%,0.0,,,
149.0,SK케미칼,105000.0,10400.0,+10.99%,5000.0,20896.0,39556.0,5552.0
150.0,휠라홀딩스,30400.0,50.0,+0.16%,1000.0,37940.0,42889.0,4929.0
151.0,에스엘,39600.0,1150.0,+2.99%,500.0,30011.0,25675.0,1105.0
152.0,KODEX KOFR금리액티브(합성),100685.0,10.0,+0.01%,0.0,,,
153.0,농심,299000.0,1000.0,+0.34%,5000.0,26630.0,28999.0,1061.0
154.0,녹십자,155500.0,4000.0,-2.51%,5000.0,15378.0,24621.0,737.0
155.0,롯데정밀화학,68600.0,100.0,+0.15%,5000.0,17803.0,27235.0,2445.0
156.0,한전KPS,39100.0,300.0,-0.76%,200.0,13806.0,14269.0,1240.0
157.0,오뚜기,475500.0,3000.0,+0.63%,5000.0,27390.0,26058.0,1666.0
158.0,LX인터내셔널,44300.0,1600.0,+3.75%,5000.0,166865.0,67469.0,6562.0
159.0,TIGER 단기통안채,101200.0,15.0,+0.01%,0.0,,,
160.0,DL이앤씨,42450.0,1550.0,+3.79%,5000.0,76317.0,87017.0,9573.0
161.0,LS ELECTRIC,53200.0,0.0,0.00%,5000.0,26683.0,27967.0,1551.0
162.0,효성,73600.0,100.0,-0.14%,5000.0,35389.0,52579.0,6406.0
163.0,KODEX 단기채권PLUS,104020.0,0.0,0.00%,0.0,,,
164.0,JB금융지주,7510.0,0.0,0.00%,5000.0,25415.0,563956.0,7083.0
165.0,동원시스템즈,50900.0,100.0,-0.20%,5000.0,12509.0,14920.0,900.0
166.0,롯데칠성,156500.0,2500.0,+1.62%,500.0,25061.0,35968.0,1822.0
167.0,대덕전자,29250.0,500.0,-1.68%,500.0,10009.0,9410.0,725.0
168.0,후성,15350.0,250.0,-1.60%,500.0,3813.0,6163.0,581.0
169.0,대성홀딩스,88300.0,400.0,+0.46%,1000.0,9405.0,12440.0,213.0
170.0,현대백화점,60500.0,500.0,-0.82%,5000.0,35724.0,89692.0,2644.0
171.0,TIGER 미국테크TOP10 INDXX,11060.0,225.0,+2.08%,0.0,,,
172.0,신풍제약,26500.0,550.0,-2.03%,500.0,1892.0,3926.0,-143.0
173.0,TIGER 미국필라델피아반도체나스닥,9610.0,105.0,+1.10%,0.0,,,
174.0,솔루스첨단소재,39500.0,450.0,-1.13%,100.0,3812.0,10116.0,20.0
175.0,코오롱인더,50200.0,0.0,0.00%,5000.0,46621.0,56013.0,2527.0
176.0,대웅,23750.0,250.0,+1.06%,500.0,15114.0,19337.0,1826.0
177.0,DL,65800.0,100.0,+0.15%,5000.0,23854.0,83230.0,2219.0
178.0,KODEX 삼성그룹,8325.0,25.0,-0.30%,0.0,,,
179.0,일진하이솔루스,36300.0,1100.0,-2.94%,500.0,1177.0,3435.0,98.0
180.0,TIGER TOP10,10265.0,100.0,-0.96%,0.0,,,
181.0,효성티앤씨,304000.0,2500.0,-0.82%,5000.0,85960.0,45265.0,14237.0
182.0,롯데렌탈,35850.0,200.0,-0.55%,5000.0,24227.0,61250.0,2455.0
183.0,서울가스,259500.0,2500.0,+0.97%,5000.0,12778.0,16626.0,-49.0
184.0,KODEX 2차전지산업,19475.0,110.0,+0.57%,0.0,,,
185.0,두산,78000.0,700.0,-0.89%,5000.0,132042.0,260099.0,9459.0
186.0,TIGER 2차전지테마,19245.0,75.0,+0.39%,0.0,,,
187.0,한국앤컴퍼니,13150.0,300.0,+2.33%,500.0,9633.0,40812.0,2283.0
188.0,DGB금융지주,7370.0,10.0,+0.14%,5000.0,51957.0,859060.0,7486.0
189.0,KODEX 단기채권,103605.0,5.0,0.00%,0.0,,,
190.0,롯데리츠,5070.0,20.0,-0.39%,500.0,562.0,24039.0,328.0
191.0,KODEX 종합채권(AA-이상)액티브,100720.0,135.0,-0.13%,0.0,,,
192.0,영풍,662000.0,8000.0,-1.19%,5000.0,35821.0,55210.0,-268.0
193.0,한샘,51600.0,100.0,-0.19%,1000.0,22312.0,12464.0,693.0
194.0,동국제강,12700.0,50.0,+0.40%,5000.0,72403.0,63341.0,8030.0
195.0,롯데제과,127000.0,3000.0,+2.42%,500.0,21454.0,26666.0,1085.0
196.0,TIGER MSCI Korea TR,12840.0,110.0,-0.85%,0.0,,,
197.0,ESR켄달스퀘어리츠,5540.0,90.0,+1.65%,1000.0,467.0,22680.0,238.0
198.0,한미반도체,11900.0,200.0,+1.71%,100.0,3732.0,4293.0,1224.0
199.0,명신산업,22250.0,1050.0,+4.95%,500.0,11077.0,7195.0,565.0
200.0,현대엘리베이,27900.0,250.0,-0.89%,5000.0,19734.0,29874.0,1290.0
201.0,현대일렉트릭,31550.0,300.0,-0.94%,5000.0,18060.0,22150.0,97.0
202.0,아이에스동서,36700.0,150.0,-0.41%,500.0,16084.0,35098.0,3108.0
203.0,현대두산인프라코어,5700.0,160.0,-2.73%,1000.0,45937.0,47823.0,2645.0
204.0,SK리츠,5730.0,80.0,+1.42%,500.0,186.0,18832.0,153.0
205.0,KODEX 200TR,10450.0,75.0,-0.71%,0.0,,,
206.0,아시아나항공,14600.0,300.0,-2.01%,5000.0,43397.0,130827.0,932.0
207.0,SK네트웍스,4370.0,75.0,-1.69%,2500.0,110181.0,94109.0,1220.0
208.0,더존비즈온,35650.0,500.0,+1.42%,500.0,3187.0,9003.0,712.0
209.0,SK가스,116500.0,2500.0,+2.19%,5000.0,64945.0,51215.0,1055.0
210.0,KBSTAR 200,31470.0,160.0,-0.51%,0.0,,,
211.0,에이프로젠,1395.0,10.0,-0.71%,500.0,1412.0,8241.0,-27.0
212.0,KG스틸,10500.0,500.0,-4.55%,5000.0,33548.0,27711.0,2969.0
213.0,PI첨단소재,35650.0,350.0,-0.97%,500.0,3019.0,4730.0,759.0
214.0,솔루엠,20550.0,150.0,+0.74%,500.0,11533.0,7109.0,265.0
215.0,종근당,85500.0,1100.0,+1.30%,2500.0,13436.0,10467.0,948.0
216.0,한일시멘트,14500.0,200.0,-1.36%,500.0,12719.0,23703.0,1204.0
217.0,코리안리,8250.0,0.0,0.00%,500.0,109155.0,131157.0,2035.0
218.0,신세계인터내셔날,27800.0,400.0,+1.46%,1000.0,14508.0,11591.0,920.0
219.0,금호타이어,3445.0,45.0,+1.32%,5000.0,26012.0,43422.0,-415.0
220.0,GKL,15950.0,150.0,+0.95%,500.0,851.0,5313.0,-1458.0
221.0,덴티움,88700.0,1500.0,+1.72%,500.0,2915.0,5702.0,699.0
222.0,미원에스씨,191500.0,0.0,0.00%,500.0,5313.0,4381.0,950.0
223.0,케이카,20150.0,400.0,-1.95%,500.0,19024.0,5500.0,711.0
224.0,일동제약,35750.0,300.0,+0.85%,1000.0,5601.0,7090.0,-555.0
225.0,CJ CGV,20050.0,0.0,0.00%,500.0,7363.0,37855.0,-2414.0
226.0,해성디에스,56100.0,1000.0,-1.75%,5000.0,6554.0,4749.0,863.0
227.0,KODEX 인버스,4935.0,25.0,+0.51%,0.0,,,
228.0,태광산업,818000.0,5000.0,-0.61%,5000.0,25918.0,49238.0,3553.0
229.0,제이알글로벌리츠,4560.0,60.0,-1.30%,1000.0,463.0,18846.0,241.0
230.0,하나투어,56000.0,1600.0,-2.78%,500.0,403.0,4306.0,-1273.0
231.0,NHN,24800.0,100.0,-0.40%,500.0,19237.0,30272.0,979.0
232.0,유니드,100000.0,0.0,0.00%,5000.0,10973.0,13477.0,1683.0
233.0,동양생명,5500.0,50.0,-0.90%,5000.0,63476.0,371033.0,3322.0
234.0,오리온홀딩스,14100.0,50.0,-0.35%,500.0,24151.0,49618.0,3157.0
235.0,진에어,16850.0,600.0,-3.44%,1000.0,2472.0,6016.0,-1853.0
236.0,미원상사,175000.0,500.0,-0.28%,500.0,3598.0,3724.0,572.0
237.0,녹십자홀딩스,18450.0,0.0,0.00%,500.0,18406.0,34968.0,862.0
238.0,롯데관광개발,11950.0,450.0,-3.63%,500.0,1071.0,13024.0,-1313.0
239.0,한국콜마,37650.0,200.0,+0.53%,500.0,15863.0,26060.0,843.0
240.0,코스모화학,24450.0,50.0,-0.20%,1000.0,5126.0,6813.0,305.0
241.0,삼양식품,113500.0,2000.0,+1.79%,5000.0,6420.0,7531.0,654.0
242.0,삼천리,209500.0,3000.0,+1.45%,5000.0,37633.0,42453.0,700.0
243.0,한올바이오파마,16200.0,200.0,-1.22%,500.0,1016.0,1985.0,101.0
244.0,이노션,42250.0,50.0,+0.12%,500.0,15020.0,22016.0,1357.0
245.0,티와이홀딩스,16500.0,50.0,-0.30%,500.0,2952.0,21322.0,112.0
246.0,다우기술,18650.0,50.0,+0.27%,500.0,60870.0,463224.0,12572.0
247.0,KODEX 코스닥150레버리지,8505.0,5.0,-0.06%,0.0,,,
248.0,동원산업,225000.0,1500.0,+0.67%,5000.0,28022.0,30519.0,2607.0
249.0,KCC글라스,51500.0,200.0,+0.39%,1000.0,11757.0,18779.0,1605.0
250.0,풍산,29300.0,350.0,-1.18%,5000.0,35095.0,31483.0,3141.0
251.0,TKG휴켐스,20050.0,450.0,-2.20%,1000.0,8612.0,9493.0,934.0
252.0,진원생명과학,10450.0,200.0,-1.88%,1000.0,387.0,2495.0,-275.0
253.0,제주항공,15950.0,50.0,+0.31%,1000.0,2731.0,12668.0,-3172.0
254.0,HDC현대산업개발,12000.0,0.0,0.00%,5000.0,33639.0,65664.0,2734.0
255.0,LG전자우,45600.0,300.0,-0.65%,5000.0,,,
256.0,더블유게임즈,42300.0,100.0,+0.24%,500.0,6241.0,13819.0,1904.0
257.0,대신증권,15250.0,0.0,0.00%,5000.0,36353.0,227632.0,8855.0
258.0,파미셀,12850.0,650.0,+5.33%,500.0,509.0,958.0,76.0
259.0,율촌화학,31000.0,1000.0,-3.12%,500.0,5387.0,6667.0,110.0
260.0,화승엔터프라이즈,12650.0,0.0,0.00%,500.0,11386.0,13303.0,71.0
261.0,대상,22100.0,0.0,0.00%,1000.0,34700.0,28705.0,1532.0
262.0,대한유화,117000.0,500.0,-0.43%,5000.0,25149.0,24789.0,1794.0
263.0,LG생활건강우,362000.0,3500.0,+0.98%,5000.0,,,
264.0,쏘카,23200.0,1550.0,-6.26%,100.0,2890.0,4332.0,-210.0
265.0,현대에너지솔루션,67100.0,1500.0,-2.19%,5000.0,5932.0,6056.0,95.0
266.0,삼성 레버리지 WTI원유 선물 ETN,1860.0,20.0,-1.06%,0.0,,,
267.0,현대건설기계,38100.0,750.0,-1.93%,5000.0,32843.0,35543.0,1607.0
268.0,우리종금,846.0,20.0,-2.31%,500.0,3033.0,51597.0,1040.0
269.0,콘텐트리중앙,38250.0,1950.0,+5.37%,5000.0,6771.0,22456.0,-574.0
270.0,현대그린푸드,7480.0,70.0,-0.93%,500.0,34861.0,31100.0,586.0
271.0,세아제강지주,175000.0,500.0,-0.28%,5000.0,28417.0,28990.0,2990.0
272.0,KODEX 자동차,18835.0,200.0,+1.07%,0.0,,,
273.0,SBS,39300.0,1850.0,+4.94%,5000.0,10790.0,14621.0,1844.0
274.0,세아베스틸지주,20000.0,1100.0,+5.82%,5000.0,36511.0,35260.0,2384.0
275.0,쿠쿠홈시스,31950.0,500.0,-1.54%,100.0,8932.0,9694.0,1786.0
276.0,넥센타이어,7330.0,840.0,+12.94%,500.0,20794.0,38234.0,44.0
277.0,영원무역홀딩스,52200.0,900.0,+1.75%,500.0,32405.0,43256.0,5705.0
278.0,세방전지,50400.0,300.0,+0.60%,500.0,13520.0,16844.0,997.0
279.0,대한해운,2205.0,20.0,-0.90%,500.0,11538.0,38597.0,2039.0
280.0,SNT모티브,47700.0,150.0,-0.31%,5000.0,9417.0,11498.0,916.0
281.0,보령,10150.0,150.0,+1.50%,500.0,6273.0,8286.0,414.0
282.0,TIGER 200 IT,27640.0,45.0,-0.16%,0.0,,,
283.0,SPC삼립,80000.0,900.0,+1.14%,5000.0,29467.0,12230.0,662.0
284.0,지누스,40050.0,600.0,-1.48%,500.0,11238.0,10186.0,743.0
285.0,SK디스커버리,36050.0,650.0,+1.84%,5000.0,66143.0,68819.0,744.0
286.0,한국단자,65500.0,600.0,+0.92%,500.0,9622.0,11252.0,762.0
287.0,코스맥스,60100.0,0.0,0.00%,500.0,15915.0,14119.0,1226.0
288.0,한섬,27500.0,150.0,+0.55%,500.0,13874.0,15571.0,1522.0
289.0,동아쏘시오홀딩스,106500.0,1500.0,+1.43%,5000.0,8819.0,16914.0,616.0
290.0,프레스티지바이오파마,11100.0,200.0,-1.77%,0.0,,6053.0,-175.0
291.0,이수화학,23850.0,50.0,+0.21%,5000.0,17033.0,11689.0,821.0
292.0,금양,12100.0,0.0,0.00%,500.0,2177.0,3148.0,121.0
293.0,F&F홀딩스,16850.0,300.0,-1.75%,500.0,7271.0,29123.0,2231.0
294.0,TIGER 글로벌리튬&2차전지SOLACTIVE(합성),10955.0,190.0,-1.70%,0.0,,,
295.0,효성중공업,70600.0,100.0,+0.14%,5000.0,30947.0,40227.0,1201.0
296.0,신한 레버리지 WTI원유 선물 ETN(H),1300.0,25.0,-1.89%,0.0,,,
297.0,한화투자증권,3005.0,25.0,-0.83%,5000.0,19115.0,117910.0,2088.0
298.0,LX홀딩스,8310.0,60.0,+0.73%,1000.0,1858.0,14425.0,1472.0
299.0,드림텍,9340.0,20.0,+0.21%,100.0,12316.0,7330.0,961.0
300.0,부광약품,8830.0,30.0,-0.34%,500.0,1825.0,3974.0,56.0
301.0,한국카본,14200.0,200.0,+1.43%,500.0,3678.0,4984.0,327.0
302.0,DN오토모티브,62000.0,1100.0,-1.74%,500.0,9308.0,14850.0,896.0
303.0,쿠쿠홀딩스,17400.0,0.0,0.00%,100.0,6851.0,10709.0,1070.0
304.0,엠씨넥스,34250.0,750.0,-2.14%,500.0,10093.0,5255.0,239.0
305.0,TIGER CD금리투자KIS(합성),51150.0,0.0,0.00%,0.0,,,
306.0,ARIRANG 200,31790.0,235.0,-0.73%,0.0,,,
307.0,HANARO 200,31415.0,160.0,-0.51%,0.0,,,
308.0,한세실업,15150.0,100.0,+0.66%,500.0,16720.0,12162.0,1067.0
309.0,영진약품,3295.0,20.0,-0.60%,500.0,1961.0,1941.0,-139.0
310.0,HSD엔진,8390.0,180.0,-2.10%,1000.0,5990.0,7956.0,-398.0
311.0,현대홈쇼핑,49450.0,150.0,+0.30%,5000.0,22099.0,26003.0,1285.0
312.0,동원F&B,153000.0,2000.0,+1.32%,5000.0,34906.0,19357.0,1304.0
313.0,경동나비엔,40100.0,1900.0,-4.52%,1000.0,11029.0,9339.0,643.0
314.0,신한알파리츠,7910.0,50.0,-0.63%,1000.0,482.0,18937.0,288.0
315.0,삼양홀딩스,67400.0,800.0,-1.17%,5000.0,31073.0,44606.0,3517.0
316.0,KODEX MSCI Korea TR,10240.0,70.0,-0.68%,0.0,,,
317.0,SK디앤디,25500.0,300.0,-1.16%,1000.0,7910.0,19834.0,1294.0
318.0,QV 코스피 변동성 매칭형 양매도 ETN,8070.0,0.0,0.00%,0.0,,,
319.0,유안타증권,2820.0,0.0,0.00%,5000.0,23090.0,147149.0,3214.0
320.0,TIGER 단기채권액티브,50680.0,5.0,+0.01%,0.0,,,
321.0,자화전자,28200.0,300.0,-1.05%,500.0,3479.0,4379.0,163.0
322.0,효성화학,171000.0,3000.0,+1.79%,5000.0,24530.0,30562.0,1486.0
323.0,미래에셋증권2우B,3795.0,10.0,-0.26%,5000.0,,,
324.0,한화손해보험,4550.0,70.0,-1.52%,5000.0,79926.0,202850.0,1343.0
325.0,KODEX Top5PlusTR,15095.0,145.0,-0.95%,0.0,,,
326.0,미래에셋생명,2985.0,10.0,-0.33%,5000.0,35329.0,419973.0,1065.0
327.0,SGC에너지,36000.0,500.0,-1.37%,5000.0,18984.0,25915.0,1522.0
328.0,남해화학,10550.0,300.0,+2.93%,1000.0,14519.0,7191.0,205.0
329.0,신영증권,55800.0,500.0,-0.89%,5000.0,21122.0,110850.0,1213.0
330.0,KINDEX 미국S&P500,13700.0,235.0,+1.75%,0.0,,,
331.0,세아제강,181500.0,2500.0,-1.36%,5000.0,14974.0,12282.0,1319.0
332.0,삼성 레버리지 천연가스 선물 ETN B,51435.0,1865.0,+3.76%,0.0,,,
333.0,KODEX 미국S&P500TR,12000.0,175.0,+1.48%,0.0,,,
334.0,NICE,13450.0,100.0,-0.74%,500.0,24499.0,30838.0,1443.0
335.0,KINDEX 200,31505.0,160.0,-0.51%,0.0,,,
336.0,KODEX 코스닥150,11085.0,10.0,+0.09%,0.0,,,
337.0,삼성화재우,158000.0,500.0,-0.32%,500.0,,,
338.0,KBSTAR 단기통안채,105455.0,5.0,0.00%,0.0,,,
339.0,풀무원,13150.0,50.0,-0.38%,500.0,25189.0,19694.0,385.0
340.0,롯데손해보험,1610.0,10.0,+0.63%,1000.0,35446.0,189112.0,1294.0
341.0,아모레퍼시픽우,47300.0,450.0,+0.96%,500.0,,,
342.0,KOSEF 200TR,38045.0,200.0,-0.52%,0.0,,,
343.0,애경케미칼,10100.0,200.0,-1.94%,500.0,15701.0,12450.0,933.0
344.0,HJ중공업,5900.0,110.0,-1.83%,5000.0,17065.0,23852.0,-1090.0
345.0,LF,16700.0,100.0,-0.60%,5000.0,17931.0,25411.0,1589.0
346.0,삼성SDI우,299000.0,1000.0,-0.33%,5000.0,,,
347.0,KODEX 코스닥150선물인버스,4970.0,5.0,-0.10%,0.0,,,
348.0,KODEX 선진국MSCI World,20265.0,40.0,+0.20%,0.0,,,
349.0,신성이엔지,2320.0,55.0,-2.32%,500.0,4545.0,4767.0,24.0
350.0,JW중외제약,21250.0,50.0,-0.23%,2500.0,6066.0,6331.0,312.0
351.0,아세아시멘트,12050.0,100.0,-0.82%,500.0,8926.0,20373.0,1286.0
352.0,동아에스티,55500.0,100.0,-0.18%,5000.0,5932.0,11160.0,156.0
353.0,코람코에너지리츠,5270.0,20.0,-0.38%,500.0,268.0,13155.0,202.0
354.0,국도화학,51100.0,500.0,+0.99%,5000.0,15771.0,14164.0,2047.0
355.0,고려제강,19950.0,50.0,+0.25%,1000.0,16914.0,24743.0,985.0
356.0,코오롱글로벌,18050.0,100.0,+0.56%,5000.0,47495.0,25757.0,2415.0
357.0,DI동일,17400.0,400.0,+2.35%,500.0,8131.0,9931.0,486.0
358.0,빙그레,45050.0,50.0,-0.11%,5000.0,11474.0,7602.0,262.0
359.0,세아홀딩스,110500.0,2000.0,-1.78%,5000.0,60055.0,55378.0,3082.0
360.0,송원산업,18400.0,0.0,0.00%,500.0,9982.0,11156.0,1057.0
361.0,코리아써키트,18600.0,500.0,-2.62%,500.0,14242.0,10646.0,851.0
362.0,TIGER KRX2차전지K-뉴딜,14265.0,145.0,+1.03%,0.0,,,
363.0,동일산업,180000.0,0.0,0.00%,5000.0,4644.0,4738.0,420.0
364.0,한국자산신탁,3515.0,10.0,+0.29%,500.0,2125.0,12647.0,1479.0
365.0,코오롱플라스틱,11450.0,350.0,+3.15%,1000.0,4053.0,3691.0,277.0
366.0,DL건설,19550.0,200.0,+1.03%,5000.0,20103.0,16696.0,2296.0
367.0,세진중공업,7500.0,200.0,-2.60%,500.0,2504.0,5704.0,37.0
368.0,수산인더스트리,29800.0,1550.0,-4.94%,200.0,2941.0,3986.0,513.0
369.0,삼화콘덴서,40950.0,150.0,+0.37%,1000.0,2622.0,2693.0,332.0
370.0,KOSEF 국고채10년,107815.0,485.0,+0.45%,0.0,,,
371.0,스카이라이프,8810.0,510.0,+6.14%,2500.0,7632.0,12756.0,730.0
372.0,한일현대시멘트,23600.0,50.0,+0.21%,5000.0,3970.0,5968.0,359.0
373.0,이수페타시스,6630.0,40.0,+0.61%,1000.0,4696.0,4497.0,469.0
374.0,SIMPAC,6350.0,0.0,0.00%,500.0,6130.0,9032.0,1064.0
375.0,맵스리얼티1,4475.0,5.0,-0.11%,0.0,,,
376.0,쌍용차,2770.0,0.0,0.00%,5000.0,24293.0,18630.0,-2613.0
377.0,삼양사,40150.0,200.0,-0.50%,5000.0,23845.0,28020.0,826.0
378.0,HDC,6930.0,10.0,-0.14%,5000.0,47796.0,106515.0,3687.0
379.0,KINDEX 미국나스닥100,12865.0,235.0,+1.86%,0.0,,,
380.0,롯데정보통신,26700.0,0.0,0.00%,5000.0,9300.0,7501.0,400.0
381.0,KBSTAR KIS종합채권(A-이상)액티브,93305.0,40.0,+0.04%,0.0,,,
382.0,KODEX 코스피,24455.0,65.0,-0.27%,0.0,,,
383.0,이연제약,22600.0,250.0,-1.09%,500.0,1428.0,4780.0,37.0
384.0,한국토지신탁,1610.0,5.0,+0.31%,1000.0,2255.0,17214.0,895.0
385.0,TIGER 미국S&P500선물(H),46465.0,430.0,+0.93%,0.0,,,
386.0,화신,11500.0,500.0,+4.55%,500.0,12366.0,8708.0,242.0
387.0,교보증권,6210.0,10.0,-0.16%,5000.0,22481.0,114838.0,1855.0
388.0,신영증권우,56900.0,0.0,0.00%,5000.0,,,
389.0,신성통상,2785.0,15.0,-0.54%,500.0,11999.0,8985.0,743.0
390.0,일양약품,20950.0,200.0,-0.95%,2500.0,3713.0,4943.0,410.0
391.0,흥아해운,1660.0,5.0,-0.30%,500.0,817.0,2473.0,-19.0
392.0,한라홀딩스,38000.0,150.0,+0.40%,5000.0,10412.0,22950.0,1399.0
393.0,STX엔진,17200.0,550.0,-3.10%,2500.0,4935.0,8375.0,36.0
394.0,미래에셋 레버리지 원유선물혼합 ETN(H),9630.0,215.0,-2.18%,0.0,,,
395.0,서흥,34100.0,350.0,-1.02%,500.0,5967.0,8100.0,696.0
396.0,SK렌터카,8320.0,10.0,+0.12%,500.0,10369.0,28602.0,791.0
397.0,KODEX 미국FANG플러스(H),20250.0,185.0,+0.92%,0.0,,,
398.0,LX하우시스,43200.0,500.0,-1.14%,5000.0,34720.0,25474.0,673.0
399.0,락앤락,7700.0,0.0,0.00%,500.0,5430.0,8297.0,325.0
400.0,LG헬로비전,4980.0,60.0,-1.19%,2500.0,10801.0,14881.0,445.0
401.0,YG PLUS,6070.0,30.0,-0.49%,500.0,1543.0,2231.0,256.0
402.0,유나이티드제약,23700.0,450.0,-1.86%,500.0,2210.0,3800.0,332.0
403.0,BGF,3990.0,0.0,0.00%,1000.0,2068.0,19816.0,115.0
404.0,한솔제지,16000.0,550.0,+3.56%,5000.0,18342.0,18878.0,607.0
405.0,KEC,2625.0,5.0,+0.19%,500.0,2675.0,4006.0,265.0
406.0,한진,25250.0,0.0,0.00%,5000.0,25041.0,38776.0,994.0
407.0,SNT중공업,11050.0,100.0,-0.90%,2500.0,3360.0,8796.0,206.0
408.0,KODEX 미국나스닥100TR,11015.0,185.0,+1.71%,0.0,,,
409.0,TYM,2410.0,75.0,+3.21%,500.0,8415.0,7074.0,353.0
410.0,롯데하이마트,15550.0,50.0,-0.32%,5000.0,38697.0,29435.0,1068.0
411.0,지역난방공사,31550.0,50.0,+0.16%,5000.0,25368.0,65174.0,397.0
412.0,대신증권우,14050.0,50.0,-0.35%,5000.0,,,
413.0,TIGER 미국달러단기채권액티브,11680.0,80.0,+0.69%,0.0,,,
414.0,TIGER 차이나항셍테크,6200.0,80.0,-1.27%,0.0,,,
415.0,잇츠한불,16500.0,0.0,0.00%,500.0,1402.0,4947.0,8.0
416.0,애경산업,13700.0,50.0,-0.36%,1000.0,5739.0,4315.0,244.0
417.0,이리츠코크렙,5690.0,20.0,-0.35%,500.0,213.0,6995.0,164.0
418.0,대성에너지,13100.0,450.0,-3.32%,1000.0,7704.0,7425.0,160.0
419.0,삼부토건,1915.0,25.0,-1.29%,1000.0,3570.0,5514.0,-44.0
420.0,테이팩스,76100.0,1700.0,-2.19%,500.0,1549.0,1808.0,213.0
421.0,대원제약,16050.0,150.0,+0.94%,500.0,3542.0,4296.0,194.0
422.0,한화3우B,15550.0,0.0,0.00%,5000.0,,,
423.0,KG케미칼,25150.0,550.0,-2.14%,5000.0,49315.0,48849.0,4672.0
424.0,퍼시스,30250.0,0.0,0.00%,1000.0,3265.0,5755.0,287.0
425.0,광동제약,6630.0,10.0,-0.15%,1000.0,13382.0,8838.0,449.0
426.0,한전산업,10600.0,350.0,-3.20%,500.0,3211.0,1633.0,175.0
427.0,삼진제약,24800.0,50.0,-0.20%,1000.0,2501.0,3325.0,339.0
428.0,도화엔지니어링,10200.0,1230.0,+13.71%,500.0,5774.0,5002.0,200.0
429.0,SK증권,726.0,4.0,-0.55%,500.0,10652.0,63714.0,508.0
430.0,신대양제지,85000.0,300.0,-0.35%,5000.0,6816.0,8460.0,544.0
431.0,대한제강,13850.0,50.0,-0.36%,1000.0,20303.0,12324.0,2018.0
432.0,아이마켓코리아,10200.0,0.0,0.00%,500.0,31325.0,11202.0,454.0
433.0,AJ네트웍스,7280.0,80.0,+1.11%,1000.0,10267.0,13550.0,451.0
434.0,경방,12400.0,100.0,-0.80%,500.0,3834.0,12708.0,538.0
435.0,한일홀딩스,11000.0,50.0,+0.46%,1000.0,17670.0,32638.0,1308.0
436.0,KOSEF 200,31390.0,145.0,-0.46%,0.0,,,
437.0,HLB글로벌,7950.0,50.0,-0.62%,500.0,450.0,1639.0,-133.0
438.0,케이씨텍,16000.0,50.0,-0.31%,500.0,3445.0,4530.0,521.0
439.0,TIGER 일본니케이225,15735.0,50.0,-0.32%,0.0,,,
440.0,NPC,8980.0,490.0,-5.17%,500.0,4869.0,5000.0,283.0
441.0,일동홀딩스,28500.0,250.0,-0.87%,1000.0,5924.0,9208.0,-828.0
442.0,신도리코,32600.0,50.0,-0.15%,5000.0,3219.0,10226.0,43.0
443.0,티웨이항공,2045.0,0.0,0.00%,500.0,2144.0,7350.0,-1483.0
444.0,코오롱,25900.0,550.0,+2.17%,5000.0,54104.0,39663.0,3322.0
445.0,아세아제지,36400.0,350.0,+0.97%,5000.0,9457.0,9696.0,939.0
446.0,한국쉘석유,250000.0,500.0,-0.20%,5000.0,2414.0,1657.0,380.0
447.0,현대차증권,10100.0,0.0,0.00%,5000.0,8538.0,88061.0,1565.0
448.0,환인제약,17050.0,0.0,0.00%,500.0,1778.0,3532.0,313.0
449.0,E1,46150.0,250.0,-0.54%,5000.0,51523.0,39993.0,56.0
450.0,한국금융지주우,53400.0,100.0,+0.19%,5000.0,,,
451.0,농심홀딩스,67300.0,300.0,+0.45%,5000.0,6415.0,13286.0,558.0
452.0,조선내화,77700.0,100.0,-0.13%,5000.0,7463.0,13493.0,331.0
453.0,삼아알미늄,28250.0,1850.0,+7.01%,500.0,2530.0,2272.0,154.0
454.0,한국콜마홀딩스,16650.0,100.0,-0.60%,500.0,6740.0,12097.0,884.0
455.0,삼양패키징,19400.0,100.0,-0.51%,5000.0,3919.0,6125.0,461.0
456.0,키다리스튜디오,8330.0,0.0,0.00%,500.0,1191.0,2901.0,69.0
457.0,일진다이아,21450.0,200.0,-0.92%,1000.0,1877.0,6418.0,91.0
458.0,제일약품,20600.0,350.0,-1.67%,500.0,7007.0,4265.0,-105.0
459.0,금호건설,8180.0,30.0,-0.37%,5000.0,20651.0,17360.0,1116.0
460.0,스틱인베스트먼트,7230.0,70.0,-0.96%,500.0,3127.0,3420.0,763.0
461.0,미원홀딩스,129500.0,1500.0,-1.15%,500.0,4214.0,4268.0,297.0
462.0,조광피혁,45100.0,150.0,+0.33%,5000.0,1042.0,4409.0,109.0
463.0,자이에스앤디,7650.0,100.0,-1.29%,1000.0,4357.0,5443.0,508.0
464.0,종근당홀딩스,58900.0,0.0,0.00%,2500.0,9260.0,13676.0,344.0
465.0,엘브이엠씨홀딩스,2965.0,10.0,-0.34%,0.0,2049.0,6614.0,-146.0
466.0,풍산홀딩스,28200.0,200.0,-0.70%,5000.0,4878.0,10520.0,968.0
467.0,KBSTAR Fn수소경제테마,10270.0,45.0,-0.44%,0.0,,,
468.0,하나제약,16450.0,50.0,-0.30%,500.0,1964.0,3035.0,360.0
469.0,디앤디플랫폼리츠,4530.0,30.0,-0.66%,1000.0,184.0,7588.0,104.0
470.0,대상홀딩스,8050.0,80.0,-0.98%,1000.0,42060.0,36261.0,1630.0
471.0,CJ4우(전환),68900.0,900.0,-1.29%,5000.0,,,
472.0,휴스틸,7430.0,470.0,-5.95%,1000.0,6165.0,9519.0,632.0
473.0,현대퓨처넷,2630.0,25.0,-0.94%,500.0,1367.0,10340.0,74.0
474.0,KODEX K-메타버스액티브,8275.0,20.0,+0.24%,0.0,,,
475.0,무림P&P,4630.0,50.0,-1.07%,2500.0,6137.0,14836.0,294.0
476.0,TIGER Fn메타버스,8190.0,35.0,+0.43%,0.0,,,
477.0,한국철강,6760.0,20.0,-0.29%,1000.0,8867.0,9087.0,1033.0
478.0,웅진씽크빅,2465.0,55.0,-2.18%,500.0,8139.0,7716.0,268.0
479.0,신한 레버리지 천연가스 선물 ETN,28455.0,900.0,+3.27%,0.0,,,
480.0,교촌에프앤비,11250.0,50.0,-0.44%,500.0,5076.0,2547.0,410.0
481.0,모토닉,8510.0,110.0,+1.31%,500.0,1961.0,4480.0,144.0
482.0,GS글로벌,3385.0,105.0,-3.01%,2500.0,38490.0,14427.0,388.0
483.0,아주스틸,10500.0,200.0,-1.87%,500.0,9334.0,6272.0,553.0
484.0,대동,11600.0,100.0,+0.87%,1000.0,11792.0,12606.0,382.0
485.0,KINDEX 단기통안채,100840.0,10.0,+0.01%,0.0,,,
486.0,조일알미늄,2205.0,50.0,+2.32%,500.0,4669.0,3479.0,183.0
487.0,TCC스틸,11800.0,100.0,-0.84%,1000.0,5367.0,3670.0,256.0
488.0,금호석유우,91700.0,400.0,-0.43%,5000.0,,,
489.0,남양유업,384500.0,1500.0,-0.39%,5000.0,9561.0,9374.0,-779.0
490.0,한신기계,8490.0,260.0,-2.97%,500.0,544.0,1011.0,52.0
491.0,일진홀딩스,5560.0,80.0,-1.42%,1000.0,11901.0,16116.0,387.0
492.0,대한제당,3040.0,5.0,+0.16%,500.0,12613.0,11823.0,421.0
493.0,유진투자증권,2810.0,35.0,-1.23%,5000.0,13707.0,91755.0,1170.0
494.0,세방,14050.0,200.0,+1.44%,500.0,10577.0,12453.0,292.0
495.0,하이트진로홀딩스,11650.0,150.0,+1.30%,5000.0,21920.0,42363.0,1884.0
496.0,대한방직,51000.0,0.0,0.00%,1000.0,2004.0,2326.0,54.0
497.0,다올투자증권,4480.0,25.0,-0.55%,5000.0,7799.0,92292.0,1482.0
498.0,화승인더,4875.0,25.0,-0.51%,500.0,13655.0,16371.0,171.0
499.0,동화약품,9650.0,90.0,-0.92%,1000.0,2930.0,4478.0,225.0
500.0,백산,11050.0,900.0,+8.87%,500.0,3711.0,3302.0,232.0
501.0,삼익THK,12750.0,150.0,-1.16%,500.0,3105.0,3782.0,148.0
502.0,삼성출판사,26750.0,300.0,-1.11%,500.0,1875.0,3387.0,80.0
503.0,아세아,122000.0,1000.0,+0.83%,5000.0,18465.0,31153.0,2289.0
504.0,알루코,2960.0,20.0,-0.67%,500.0,5056.0,7802.0,167.0
505.0,KBSTAR KIS단기종합채권(AA-이상)액티브,101090.0,5.0,0.00%,0.0,,,
506.0,이월드,1855.0,20.0,-1.07%,1000.0,1258.0,4332.0,19.0
507.0,동양,1095.0,20.0,-1.79%,500.0,6996.0,10072.0,76.0
508.0,신한서부티엔디리츠,4665.0,30.0,-0.64%,1000.0,106.0,5926.0,57.0
509.0,일신방직,108500.0,500.0,-0.46%,5000.0,6010.0,10440.0,610.0
510.0,광주신세계,32400.0,50.0,+0.15%,1000.0,1700.0,8523.0,606.0
511.0,TIGER 리츠부동산인프라,5500.0,0.0,0.00%,0.0,,,
512.0,신세계 I&C,14950.0,250.0,-1.64%,500.0,5261.0,3541.0,355.0
513.0,SNT홀딩스,15650.0,50.0,+0.32%,500.0,14041.0,23723.0,1256.0
514.0,BYC,403000.0,3500.0,+0.88%,5000.0,1644.0,6844.0,267.0
515.0,대교,2960.0,10.0,-0.34%,500.0,6384.0,8136.0,-283.0
516.0,HANARO MSCI Korea TR,12855.0,55.0,-0.43%,0.0,,,
517.0,S-Oil우,62000.0,500.0,-0.80%,2500.0,,,
518.0,TIGER 차이나과창판STAR50(합성),8135.0,70.0,+0.87%,0.0,,,
519.0,KPX홀딩스,58900.0,0.0,0.00%,5000.0,12387.0,18149.0,541.0
520.0,성신양회,10050.0,50.0,-0.50%,5000.0,8335.0,11216.0,300.0
521.0,우진,12100.0,300.0,-2.42%,500.0,1076.0,2298.0,84.0
522.0,삼영무역,13250.0,100.0,+0.76%,500.0,4670.0,5788.0,240.0
523.0,KODEX 삼성그룹밸류,8145.0,5.0,-0.06%,0.0,,,
524.0,대한제분,144500.0,500.0,-0.34%,5000.0,11113.0,13216.0,250.0
525.0,TIGER 글로벌자율주행&전기차SOLACTIVE,10205.0,45.0,-0.44%,0.0,,,
526.0,태영건설,6220.0,40.0,-0.64%,500.0,27517.0,37348.0,1745.0
527.0,한미글로벌,22000.0,2200.0,+11.11%,500.0,2701.0,2853.0,196.0
528.0,에이프로젠제약,604.0,1.0,+0.17%,500.0,565.0,6146.0,-38.0
529.0,KSS해운,10400.0,0.0,0.00%,500.0,3240.0,14462.0,581.0
530.0,동부건설,10450.0,0.0,0.00%,5000.0,11449.0,12620.0,613.0
531.0,케이씨,17550.0,50.0,-0.28%,500.0,5538.0,9645.0,655.0
532.0,사조대림,25950.0,250.0,-0.95%,5000.0,18137.0,11398.0,1023.0
533.0,현대코퍼레이션,17950.0,200.0,-1.10%,5000.0,37825.0,17074.0,351.0
534.0,KBSTAR ESG사회책임투자,10395.0,65.0,-0.62%,0.0,,,
535.0,유니퀘스트,8660.0,10.0,+0.12%,500.0,5910.0,4903.0,245.0
536.0,KPX케미칼,48850.0,250.0,-0.51%,5000.0,10208.0,7771.0,447.0
537.0,삼성제약,3515.0,40.0,-1.13%,500.0,549.0,1455.0,-181.0
538.0,한독,17050.0,50.0,-0.29%,500.0,5176.0,8416.0,280.0
539.0,KBSTAR 미국나스닥100,12460.0,225.0,+1.84%,0.0,,,
540.0,LS네트웍스,2955.0,15.0,-0.51%,5000.0,3905.0,13094.0,43.0
541.0,남선알미늄,2105.0,55.0,-2.55%,500.0,2303.0,3552.0,-69.0
542.0,동아지질,16500.0,50.0,+0.30%,500.0,2895.0,3508.0,40.0
543.0,서연이화,8570.0,270.0,+3.25%,500.0,21801.0,17905.0,660.0
544.0,동성케미컬,4660.0,10.0,+0.22%,1000.0,9260.0,8188.0,453.0
545.0,LS전선아시아,7560.0,90.0,-1.18%,500.0,7506.0,4953.0,282.0
546.0,일성신약,87000.0,7700.0,+9.71%,5000.0,421.0,3714.0,-18.0
547.0,선진,9730.0,130.0,-1.32%,500.0,17183.0,12096.0,863.0
548.0,TRUE 레버리지 천연가스 선물 ETN(H),23075.0,535.0,+2.37%,0.0,,,
549.0,TIGER KRX BBIG K-뉴딜,7565.0,5.0,-0.07%,0.0,,,
550.0,JW홀딩스,3275.0,15.0,-0.46%,500.0,7889.0,10658.0,687.0
551.0,진흥기업,1585.0,0.0,0.00%,500.0,4442.0,3346.0,433.0
552.0,부국증권,22100.0,150.0,+0.68%,5000.0,7411.0,16474.0,1016.0
553.0,대덕,6700.0,50.0,-0.74%,500.0,13717.0,17240.0,672.0
554.0,경인양행,5450.0,0.0,0.00%,500.0,4033.0,5795.0,284.0
555.0,한농화성,14500.0,250.0,-1.69%,500.0,2688.0,2170.0,195.0
556.0,사조산업,45250.0,300.0,+0.67%,5000.0,5904.0,11139.0,492.0
557.0,경농,11550.0,600.0,+5.48%,500.0,2703.0,3888.0,168.0
558.0,제이에스코퍼레이션,16900.0,100.0,+0.60%,100.0,9870.0,5523.0,610.0
559.0,KISCO홀딩스,13900.0,0.0,0.00%,1000.0,15808.0,16881.0,2007.0
560.0,한세예스24홀딩스,5600.0,30.0,+0.54%,500.0,27989.0,22413.0,1347.0
561.0,신세계푸드,57700.0,300.0,-0.52%,5000.0,13329.0,8795.0,293.0
562.0,현대리바트,10800.0,0.0,0.00%,1000.0,14066.0,8636.0,202.0
563.0,CJ제일제당 우,167000.0,2500.0,+1.52%,5000.0,,,
564.0,대성산업,4895.0,100.0,-2.00%,5000.0,11291.0,16524.0,193.0
565.0,태림포장,3090.0,95.0,-2.98%,500.0,7129.0,6009.0,302.0
566.0,HDC랩스,8400.0,60.0,-0.71%,500.0,2746.0,4114.0,97.0
567.0,넥센,4065.0,55.0,+1.37%,500.0,24039.0,45723.0,336.0
568.0,코람코더원리츠,5350.0,0.0,0.00%,500.0,68.0,5192.0,46.0
569.0,현대차3우B,88500.0,600.0,+0.68%,5000.0,,,
570.0,동남합성,59500.0,100.0,-0.17%,500.0,1603.0,906.0,149.0
571.0,포스코스틸리온,35600.0,250.0,-0.70%,5000.0,13473.0,5864.0,1433.0
572.0,삼성전기우,73100.0,700.0,+0.97%,5000.0,,,
573.0,삼영전자,10600.0,50.0,-0.47%,500.0,2389.0,5436.0,157.0
574.0,흥국화재,3295.0,40.0,-1.20%,5000.0,45146.0,137623.0,771.0
575.0,금호에이치티,1060.0,10.0,-0.93%,500.0,2340.0,4588.0,65.0
576.0,AK홀딩스,15900.0,150.0,+0.95%,5000.0,31677.0,45487.0,-1657.0
577.0,SOL 종합채권(AA-이상)액티브,97130.0,135.0,+0.14%,0.0,,,
578.0,인스코비,1900.0,50.0,-2.56%,500.0,717.0,1093.0,-24.0
579.0,삼화페인트,7660.0,100.0,+1.32%,500.0,6316.0,6121.0,8.0
580.0,DB금융투자,4905.0,35.0,-0.71%,5000.0,14107.0,95837.0,1696.0
581.0,KODEX 반도체,26480.0,350.0,-1.30%,0.0,,,
582.0,KH 필룩스,1350.0,25.0,-1.82%,500.0,1202.0,5394.0,-69.0
583.0,휴비스,5990.0,0.0,0.00%,5000.0,10826.0,8434.0,65.0
584.0,예스코홀딩스,34400.0,100.0,-0.29%,5000.0,12667.0,14230.0,240.0
585.0,KBSTAR 미국S&P500,11840.0,185.0,+1.59%,0.0,,,
586.0,에어부산,3155.0,115.0,-3.52%,1000.0,1765.0,10097.0,-2040.0
587.0,해태제과식품,6980.0,30.0,-0.43%,500.0,5677.0,6549.0,260.0
588.0,현대비앤지스틸,13450.0,450.0,-3.24%,5000.0,8557.0,7688.0,897.0
589.0,삼성 인버스 2X WTI원유 선물 ETN,135.0,0.0,0.00%,0.0,,,
590.0,일진전기,5380.0,140.0,-2.54%,1000.0,9324.0,8379.0,204.0
591.0,제주은행,6200.0,160.0,+2.65%,5000.0,2046.0,69442.0,226.0
592.0,계룡건설,22300.0,150.0,-0.67%,5000.0,25618.0,23271.0,2327.0
593.0,아모레G3우(전환),28050.0,50.0,-0.18%,500.0,,,
594.0,태경산업,6790.0,100.0,-1.45%,500.0,5168.0,5847.0,406.0
595.0,디씨엠,17350.0,700.0,-3.88%,500.0,2508.0,2869.0,349.0
596.0,대원강업,3170.0,10.0,+0.32%,500.0,8622.0,9830.0,-50.0
597.0,금강공업,6700.0,90.0,-1.33%,1000.0,5705.0,8687.0,259.0
598.0,제일파마홀딩스,12250.0,200.0,-1.61%,500.0,7626.0,8924.0,-90.0
599.0,두산우,48950.0,1450.0,-2.88%,5000.0,,,
600.0,그린케미칼,8120.0,190.0,-2.29%,500.0,2862.0,2117.0,209.0
601.0,JW생명과학,12300.0,0.0,0.00%,2500.0,1698.0,2195.0,284.0
602.0,HANARO 200 TOP10,8025.0,10.0,-0.12%,0.0,,,
603.0,동성제약,7410.0,40.0,+0.54%,1000.0,844.0,1046.0,-53.0
604.0,한솔테크닉스,5980.0,70.0,+1.18%,5000.0,14906.0,7887.0,-43.0
605.0,노루페인트,9550.0,440.0,+4.83%,500.0,7309.0,6706.0,255.0
606.0,LG우,63200.0,100.0,+0.16%,5000.0,,,
607.0,백광산업,4240.0,40.0,-0.93%,500.0,1911.0,3592.0,179.0
608.0,TIGER 차이나CSI300,10460.0,80.0,-0.76%,0.0,,,
609.0,방림,4490.0,210.0,-4.47%,500.0,1310.0,2571.0,64.0
610.0,팜스코,5170.0,60.0,+1.17%,500.0,15369.0,11076.0,361.0
611.0,사조동아원,1335.0,40.0,-2.91%,500.0,4121.0,4488.0,191.0
612.0,진양홀딩스,3365.0,15.0,+0.45%,500.0,2248.0,5661.0,69.0
613.0,디아이,5970.0,110.0,-1.81%,500.0,2266.0,2491.0,165.0
614.0,NH투자증권우,9890.0,10.0,+0.10%,5000.0,,,
615.0,아남전자,2415.0,75.0,+3.21%,500.0,3598.0,2720.0,151.0
616.0,KINDEX 중국본토CSI300,28220.0,90.0,-0.32%,0.0,,,
617.0,NH올원리츠,4400.0,0.0,0.00%,500.0,169.0,5173.0,101.0
618.0,TIGER 여행레저,4095.0,10.0,-0.24%,0.0,,,
619.0,무학,6490.0,30.0,-0.46%,200.0,1269.0,6466.0,-9.0
620.0,용평리조트,3820.0,20.0,-0.52%,5000.0,2363.0,8415.0,307.0
621.0,KBSTAR 국고채3년선물인버스,104955.0,385.0,-0.37%,0.0,,,
622.0,신라교역,11450.0,50.0,-0.43%,500.0,3465.0,6805.0,169.0
623.0,한국주철관,7990.0,100.0,+1.27%,500.0,5102.0,4231.0,486.0
624.0,세아특수강,20950.0,300.0,-1.41%,5000.0,8958.0,6511.0,354.0
625.0,이엔플러스,3105.0,35.0,-1.11%,500.0,554.0,1028.0,-19.0
626.0,한국패러랠,2235.0,5.0,+0.22%,0.0,,,
627.0,대영포장,1640.0,15.0,-0.91%,500.0,3226.0,2461.0,122.0
628.0,이지스밸류리츠,4835.0,10.0,+0.21%,1000.0,69.0,2691.0,52.0
629.0,퍼스텍,3675.0,155.0,-4.05%,500.0,1367.0,1856.0,43.0
630.0,KODEX 골드선물(H),11350.0,20.0,-0.18%,0.0,,,
631.0,디와이,6680.0,120.0,-1.76%,500.0,9983.0,8600.0,468.0
632.0,대동전자,16700.0,450.0,-2.62%,500.0,436.0,2110.0,22.0
633.0,TIGER 미국MSCI리츠(합성 H),13270.0,50.0,+0.38%,0.0,,,
634.0,동아타이어,12650.0,0.0,0.00%,500.0,1796.0,4206.0,144.0
635.0,ARIRANG 고배당주,11190.0,5.0,+0.04%,0.0,,,
636.0,하나 코스피 변동성추세 추종 양매도 ETN,6890.0,0.0,0.00%,0.0,,,
637.0,효성ITX,14850.0,100.0,-0.67%,500.0,4759.0,2414.0,203.0
638.0,일성건설,3170.0,15.0,+0.48%,500.0,4162.0,3793.0,108.0
639.0,KINDEX 베트남VN30(합성),21400.0,60.0,+0.28%,0.0,,,
640.0,벽산,2495.0,55.0,-2.16%,500.0,4714.0,5054.0,85.0
641.0,세종공업,6140.0,230.0,+3.89%,500.0,15881.0,11801.0,-42.0
642.0,TIGER 글로벌메타버스액티브,6840.0,35.0,+0.51%,0.0,,,
643.0,에스엠벡셀,1530.0,0.0,0.00%,500.0,731.0,478.0,-82.0
644.0,SNT에너지,22650.0,1000.0,+4.62%,500.0,1711.0,3321.0,133.0
645.0,KBSTAR 코스피,24610.0,100.0,-0.40%,0.0,,,
646.0,대창단조,5900.0,350.0,+6.31%,500.0,3544.0,2985.0,295.0
647.0,삼성물산우B,103500.0,500.0,-0.48%,100.0,,,
648.0,조선선재,133500.0,3500.0,-2.55%,500.0,682.0,1395.0,141.0
649.0,노루홀딩스,12350.0,100.0,+0.82%,500.0,9552.0,10555.0,267.0
650.0,유수홀딩스,6300.0,120.0,-1.87%,2500.0,5037.0,5017.0,203.0
651.0,샘표식품,35900.0,650.0,-1.78%,500.0,3487.0,3275.0,235.0
652.0,영풍제지,7380.0,230.0,-3.02%,500.0,1206.0,2096.0,81.0
653.0,TIGER 글로벌4차산업혁신기술(합성 H),14405.0,70.0,-0.48%,0.0,,,
654.0,SOL 200TR,10890.0,50.0,-0.46%,0.0,,,
655.0,수산중공업,2955.0,5.0,+0.17%,500.0,2530.0,2361.0,143.0
656.0,KBSTAR iSelect메타버스,7285.0,10.0,-0.14%,0.0,,,
657.0,삼양통상,53000.0,700.0,+1.34%,5000.0,1940.0,4590.0,364.0
658.0,현대약품,4960.0,100.0,-1.98%,500.0,1398.0,1639.0,-16.0
659.0,TIGER 헬스케어,29120.0,100.0,-0.34%,0.0,,,
660.0,DB,787.0,2.0,-0.25%,500.0,3269.0,6020.0,235.0
661.0,KODEX 은행,5840.0,45.0,-0.76%,0.0,,,
662.0,두산퓨얼셀1우,11800.0,300.0,-2.48%,100.0,,,
663.0,한국특강,2605.0,65.0,+2.56%,500.0,6915.0,4587.0,400.0
664.0,쎌마테라퓨틱스,6410.0,0.0,0.00%,500.0,96.0,279.0,-49.0
665.0,KODEX TRF3070,10820.0,25.0,+0.23%,0.0,,,
666.0,디아이씨,4015.0,5.0,-0.12%,500.0,5901.0,6289.0,273.0
667.0,신원,1625.0,5.0,-0.31%,500.0,8794.0,5036.0,216.0
668.0,아시아나IDT,13950.0,250.0,-1.76%,500.0,1747.0,2221.0,73.0
669.0,서연,6510.0,70.0,-1.06%,500.0,24793.0,21379.0,837.0
670.0,에이블씨엔씨,5630.0,10.0,+0.18%,500.0,2629.0,1938.0,-224.0
671.0,KODEX WTI원유선물인버스(H),4675.0,45.0,+0.97%,0.0,,,
672.0,경보제약,6360.0,20.0,-0.31%,500.0,1707.0,2370.0,-66.0
673.0,종근당바이오,27650.0,200.0,-0.72%,2500.0,1422.0,2985.0,-114.0
674.0,한라,3990.0,15.0,+0.38%,5000.0,14753.0,15214.0,786.0
675.0,신흥,15900.0,50.0,+0.32%,500.0,1269.0,1386.0,130.0
676.0,컨버즈,4100.0,0.0,0.00%,500.0,409.0,330.0,-19.0
677.0,성창기업지주,2160.0,10.0,-0.46%,500.0,1979.0,7037.0,105.0
678.0,한국석유,11800.0,150.0,-1.26%,500.0,6289.0,3421.0,156.0
679.0,KBSTAR IT플러스,15845.0,95.0,-0.60%,0.0,,,
680.0,화성산업,14650.0,250.0,+1.74%,5000.0,4222.0,8080.0,286.0
681.0,강남제비스코,22800.0,150.0,+0.66%,1000.0,5910.0,9040.0,-127.0
682.0,KCTC,4940.0,5.0,+0.10%,500.0,6947.0,5323.0,296.0
683.0,한신공영,12800.0,750.0,+6.22%,5000.0,13111.0,21199.0,446.0
684.0,센트랄모텍,17200.0,450.0,+2.69%,500.0,3684.0,2781.0,36.0
685.0,KODEX 배당가치,11310.0,65.0,-0.57%,0.0,,,
686.0,미원화학,65600.0,800.0,-1.20%,1000.0,1975.0,1338.0,128.0
687.0,대한화섬,108000.0,2500.0,-2.26%,5000.0,1173.0,9078.0,32.0
688.0,KODEX 차이나항셍테크,6230.0,55.0,-0.88%,0.0,,,
689.0,SK이노베이션우,114500.0,1000.0,+0.88%,5000.0,,,
690.0,한컴라이프케어,5160.0,40.0,-0.77%,200.0,1211.0,2141.0,48.0
691.0,세원이앤씨,808.0,35.0,-4.15%,500.0,831.0,2927.0,-96.0
692.0,태경케미컬,12300.0,200.0,+1.65%,500.0,541.0,1607.0,121.0
693.0,한솔홀딩스,3380.0,5.0,+0.15%,1000.0,4136.0,6537.0,184.0
694.0,TIGER 코스닥150,11360.0,15.0,+0.13%,0.0,,,
695.0,에이플러스에셋,6190.0,70.0,+1.14%,500.0,2580.0,2856.0,57.0
696.0,미래에셋글로벌리츠,4785.0,15.0,-0.31%,1000.0,83.0,3119.0,-32.0
697.0,TIGER 200선물인버스2X,3340.0,35.0,+1.06%,0.0,,,
698.0,대신증권2우B,13750.0,50.0,-0.36%,5000.0,,,
699.0,유화증권,2420.0,0.0,0.00%,1000.0,223.0,7347.0,76.0
700.0,광전자,2365.0,20.0,-0.84%,500.0,1738.0,2390.0,69.0
701.0,유니온머티리얼,3245.0,175.0,-5.12%,500.0,1183.0,1867.0,-8.0
702.0,경동도시가스,23050.0,450.0,-1.91%,2500.0,14572.0,9045.0,271.0
703.0,신일전자,1910.0,10.0,-0.52%,500.0,1935.0,1221.0,96.0
704.0,고려산업,5440.0,190.0,-3.37%,1000.0,2135.0,2386.0,49.0
705.0,샘표,47050.0,1350.0,-2.79%,1000.0,3490.0,4427.0,219.0
706.0,STX중공업,4770.0,75.0,-1.55%,2500.0,1639.0,4304.0,-109.0
707.0,HDC현대EP,4220.0,45.0,-1.06%,500.0,8598.0,5829.0,284.0
708.0,삼화전기,20300.0,700.0,-3.33%,1000.0,2471.0,1586.0,218.0
709.0,TIGER 현대차그룹+펀더멘털,22815.0,10.0,-0.04%,0.0,,,
710.0,KODEX 장기종합채권(AA-이상)액티브KAP,84145.0,5.0,-0.01%,0.0,,,
711.0,미창석유,77000.0,600.0,+0.79%,5000.0,4063.0,3476.0,355.0
712.0,KODEX 미국나스닥100레버리지(합성 H),5145.0,105.0,+2.08%,0.0,,,
713.0,쌍방울,505.0,19.0,-3.63%,500.0,970.0,3956.0,-23.0
714.0,동양철관,1115.0,5.0,+0.45%,500.0,1820.0,1860.0,-32.0
715.0,KODEX 미국S&P500선물(H),19050.0,180.0,+0.95%,0.0,,,
716.0,극동유화,3785.0,5.0,+0.13%,500.0,9648.0,3219.0,205.0
717.0,ARIRANG 코스피TR,12465.0,30.0,-0.24%,0.0,,,
718.0,이지스레지던스리츠,4595.0,45.0,-0.97%,1000.0,92.0,1682.0,89.0
719.0,동방,2715.0,35.0,-1.27%,1000.0,5959.0,5313.0,278.0
720.0,TRUE 코스피 양매도 5% OTM ETN,8650.0,50.0,-0.57%,0.0,,,
721.0,황금에스티,7600.0,160.0,-2.06%,500.0,2710.0,4316.0,412.0
722.0,디와이파워,11700.0,300.0,-2.50%,500.0,4372.0,3420.0,422.0
723.0,SH에너지화학,1160.0,45.0,-3.73%,500.0,1398.0,1196.0,3.0
724.0,깨끗한나라,3455.0,30.0,-0.86%,1000.0,5787.0,5987.0,130.0
725.0,NI스틸,4475.0,5.0,-0.11%,500.0,2482.0,3411.0,312.0
726.0,이아이디,1345.0,10.0,+0.75%,200.0,2224.0,5193.0,-205.0
727.0,한국내화,3100.0,5.0,+0.16%,500.0,2717.0,3579.0,86.0
728.0,한양증권,9970.0,10.0,-0.10%,5000.0,8742.0,16334.0,1162.0
729.0,마스턴프리미어리츠,4770.0,5.0,-0.10%,1000.0,,,
730.0,대신 골드 커버드콜 타겟 5%인컴 ETN(H),12675.0,0.0,0.00%,0.0,,,
731.0,미래에셋 코스피 양매도 5% OTM ETN,8385.0,0.0,0.00%,0.0,,,
732.0,모나리자,3430.0,30.0,-0.87%,500.0,1064.0,940.0,34.0
733.0,삼익악기,1380.0,20.0,-1.43%,500.0,2954.0,5853.0,333.0
734.0,대창,1370.0,20.0,-1.44%,500.0,12776.0,8107.0,603.0
735.0,한국공항,39300.0,150.0,-0.38%,5000.0,3455.0,3839.0,-9.0
736.0,TIGER 미디어컨텐츠,6855.0,50.0,+0.73%,0.0,,,
737.0,태경비케이,4440.0,5.0,+0.11%,500.0,1952.0,3324.0,196.0
738.0,TIGER 반도체,27115.0,365.0,-1.33%,0.0,,,
739.0,인천도시가스,27600.0,450.0,-1.60%,5000.0,5042.0,3606.0,32.0
740.0,KBSTAR KIS국고채30년Enhanced,70190.0,195.0,+0.28%,0.0,,,
741.0,SG세계물산,594.0,18.0,+3.13%,500.0,1357.0,3084.0,-47.0
742.0,플레이그램,1340.0,180.0,+15.52%,100.0,408.0,1295.0,-15.0
743.0,광명전기,2760.0,35.0,-1.25%,500.0,1371.0,1699.0,29.0
744.0,대유플러스,984.0,13.0,-1.30%,500.0,5120.0,5944.0,132.0
745.0,만호제강,28650.0,600.0,+2.14%,1000.0,1961.0,2582.0,13.0
746.0,대원화성,2870.0,20.0,-0.69%,500.0,1133.0,1358.0,-84.0
747.0,시디즈,58700.0,900.0,+1.56%,500.0,2519.0,848.0,127.0
748.0,KODEX 미국메타버스나스닥액티브,6940.0,20.0,+0.29%,0.0,,,
749.0,TIGER 원유선물인버스(H),3250.0,40.0,+1.25%,0.0,,,
750.0,삼성 인버스 2X 천연가스 선물 ETN C,11635.0,240.0,-2.02%,0.0,,,
751.0,대구백화점,10750.0,150.0,-1.38%,5000.0,818.0,4866.0,-181.0
752.0,KBSTAR 코스닥150,11025.0,25.0,-0.23%,0.0,,,
753.0,남광토건,11750.0,1000.0,+9.30%,5000.0,3567.0,2740.0,208.0
754.0,인지컨트롤스,7510.0,40.0,+0.54%,500.0,4849.0,5434.0,20.0
755.0,KODEX 단기변동금리부채권액티브,104115.0,15.0,+0.01%,0.0,,,
756.0,KODEX 차이나과창판STAR50(합성),8205.0,70.0,+0.86%,0.0,,,
757.0,삼일씨엔에스,9000.0,120.0,+1.35%,1000.0,2266.0,3519.0,136.0
758.0,KODEX 국고채3년,55960.0,190.0,+0.34%,0.0,,,
759.0,HANARO 200TR,38070.0,215.0,-0.56%,0.0,,,
760.0,TIGER 코스피,24815.0,55.0,-0.22%,0.0,,,
761.0,팜젠사이언스,7200.0,190.0,-2.57%,500.0,1099.0,2203.0,-50.0
762.0,한국ANKOR유전,1625.0,5.0,+0.31%,0.0,,,
763.0,KODEX 미국나스닥100선물(H),15445.0,195.0,+1.28%,0.0,,,
764.0,한국화장품,7060.0,80.0,-1.12%,500.0,670.0,485.0,-32.0
765.0,TIGER 중국소비테마,6855.0,10.0,-0.15%,0.0,,,
766.0,크라운제과,9020.0,120.0,-1.31%,200.0,3812.0,3246.0,159.0
767.0,CJ씨푸드,3135.0,65.0,-2.03%,500.0,1621.0,1334.0,45.0
768.0,와이투솔루션,707.0,1.0,+0.14%,500.0,1015.0,1185.0,-45.0
769.0,CJ우,49800.0,200.0,+0.40%,5000.0,,,
770.0,대양금속,3470.0,10.0,+0.29%,500.0,2034.0,1575.0,152.0
771.0,세이브존I&C,2725.0,50.0,-1.80%,1000.0,1222.0,5643.0,110.0
772.0,KOSEF 단기자금,101590.0,10.0,+0.01%,0.0,,,
773.0,TIGER 투자등급회사채액티브,99250.0,210.0,+0.21%,0.0,,,
774.0,한진중공업홀딩스,3775.0,75.0,-1.95%,5000.0,8880.0,18378.0,446.0
775.0,SK우,196500.0,1000.0,+0.51%,200.0,,,
776.0,휴니드,7870.0,120.0,-1.50%,5000.0,2277.0,2673.0,133.0
777.0,일신석재,1425.0,15.0,-1.04%,500.0,747.0,919.0,8.0
778.0,다스코,6000.0,250.0,+4.35%,500.0,3636.0,2985.0,43.0
779.0,유유제약,6400.0,90.0,+1.43%,1000.0,1157.0,1930.0,12.0
780.0,SK케미칼우,52000.0,2900.0,+5.91%,5000.0,,,
781.0,전방,65400.0,400.0,+0.62%,5000.0,1337.0,3833.0,74.0
782.0,웅진,1365.0,15.0,-1.09%,500.0,9799.0,10660.0,430.0
783.0,크라운해태홀딩스,7310.0,70.0,+0.97%,500.0,9282.0,11157.0,393.0
784.0,조비,20900.0,1200.0,+6.09%,5000.0,846.0,1038.0,31.0
785.0,삼성공조,13350.0,250.0,+1.91%,500.0,796.0,2575.0,12.0
786.0,삼일제약,7910.0,30.0,-0.38%,500.0,1342.0,2264.0,4.0
787.0,신송홀딩스,9160.0,280.0,-2.97%,500.0,1864.0,2482.0,69.0
788.0,조광페인트,8450.0,270.0,+3.30%,500.0,2385.0,3470.0,-88.0
789.0,기신정기,3700.0,20.0,-0.54%,500.0,1313.0,2651.0,96.0
790.0,삼원강재,2695.0,5.0,+0.19%,500.0,3000.0,2707.0,95.0
791.0,무림페이퍼,2585.0,0.0,0.00%,2500.0,10553.0,22844.0,298.0
792.0,조흥,179000.0,2000.0,+1.13%,5000.0,2509.0,2676.0,191.0
793.0,인바이오젠,2005.0,5.0,-0.25%,500.0,105.0,2745.0,-79.0
794.0,토니모리,4450.0,95.0,+2.18%,200.0,1146.0,2021.0,-135.0
795.0,카프로,2675.0,10.0,+0.38%,500.0,5824.0,3953.0,36.0
796.0,범양건영,4305.0,100.0,+2.38%,1000.0,1119.0,1985.0,30.0
797.0,한솔홈데코,1320.0,10.0,-0.75%,1000.0,2632.0,3147.0,86.0
798.0,신영와코루,11800.0,150.0,-1.26%,500.0,1894.0,3887.0,37.0
799.0,웰바이오텍,1595.0,5.0,-0.31%,500.0,1216.0,1368.0,-39.0
800.0,엔에이치스팩19호,2065.0,0.0,0.00%,100.0,0.0,1158.0,-1.0
801.0,TRUE 레버리지 나스닥 100 ETN,21025.0,630.0,+3.09%,0.0,,,
802.0,대원전선,1460.0,45.0,-2.99%,500.0,4750.0,2406.0,23.0
803.0,상상인증권,969.0,1.0,-0.10%,1000.0,482.0,5825.0,138.0
804.0,삼호개발,4195.0,135.0,+3.33%,500.0,3173.0,2969.0,131.0
805.0,TIGER KRX바이오K-뉴딜,6770.0,60.0,+0.89%,0.0,,,
806.0,지엠비코리아,5480.0,10.0,+0.18%,500.0,5313.0,5225.0,84.0
807.0,TIGER 미국다우존스30,21460.0,240.0,+1.13%,0.0,,,
808.0,한국수출포장,25950.0,200.0,+0.78%,5000.0,3192.0,3318.0,200.0
809.0,한국화장품제조,22800.0,0.0,0.00%,500.0,678.0,765.0,-8.0
810.0,IHQ,623.0,21.0,-3.26%,500.0,600.0,2386.0,-116.0
811.0,국제약품,5100.0,90.0,-1.73%,1000.0,1197.0,1398.0,-17.0
812.0,명문제약,3030.0,10.0,-0.33%,500.0,1378.0,2233.0,-59.0
813.0,대호에이엘,1975.0,15.0,-0.75%,500.0,1434.0,1450.0,18.0
814.0,KINDEX 국고채10년,85790.0,435.0,+0.51%,0.0,,,
815.0,KODEX Fn Top10동일가중,7525.0,10.0,+0.13%,0.0,,,
816.0,TIGER 미국채10년선물,12320.0,40.0,+0.33%,0.0,,,
817.0,한일철강,3825.0,45.0,-1.16%,500.0,2486.0,3387.0,296.0
818.0,현대코퍼레이션홀딩스,11200.0,200.0,-1.75%,5000.0,1304.0,2510.0,81.0
819.0,삼영화학,2990.0,40.0,+1.36%,500.0,1333.0,1177.0,26.0
820.0,계양전기,3100.0,35.0,+1.14%,500.0,3923.0,2851.0,18.0
821.0,이구산업,3005.0,30.0,-0.99%,500.0,3344.0,3239.0,356.0
822.0,신세계건설,25100.0,50.0,-0.20%,5000.0,12568.0,8290.0,384.0
823.0,TRUE 레버리지 S&P500 선물 ETN(H),19985.0,365.0,+1.86%,0.0,,,
824.0,대현,2250.0,10.0,+0.45%,500.0,2879.0,2801.0,224.0
825.0,보해양조,711.0,1.0,-0.14%,500.0,837.0,1531.0,11.0
826.0,보락,1650.0,5.0,+0.30%,200.0,398.0,563.0,17.0
827.0,새론오토모티브,5140.0,90.0,+1.78%,500.0,1276.0,2684.0,3.0
828.0,한창제지,1650.0,15.0,-0.90%,500.0,1822.0,2486.0,178.0
829.0,까뮤이앤씨,2180.0,20.0,+0.93%,500.0,1637.0,1951.0,-30.0
830.0,지투알,5940.0,20.0,+0.34%,1000.0,4585.0,5649.0,222.0
831.0,STX,3425.0,35.0,-1.01%,2500.0,9255.0,6761.0,90.0
832.0,삼화왕관,45500.0,300.0,+0.66%,5000.0,1499.0,2433.0,81.0
833.0,인터지스,3290.0,280.0,+9.30%,500.0,5889.0,3886.0,200.0
834.0,이건산업,8930.0,50.0,-0.56%,5000.0,2768.0,4193.0,321.0
835.0,KTcs,2290.0,5.0,-0.22%,500.0,9657.0,4168.0,210.0
836.0,KTis,2800.0,45.0,+1.63%,500.0,4680.0,3694.0,144.0
837.0,동일고무벨트,6940.0,10.0,-0.14%,500.0,2775.0,3138.0,9.0
838.0,TIGER 차이나HSCEI,9660.0,60.0,-0.62%,0.0,,,
839.0,덕양산업,2940.0,10.0,+0.34%,500.0,13482.0,5236.0,63.0
840.0,KODEX 차이나CSI300,12935.0,25.0,-0.19%,0.0,,,
841.0,페이퍼코리아,2000.0,145.0,+7.82%,500.0,4353.0,4972.0,315.0
842.0,한세엠케이,3145.0,35.0,+1.13%,500.0,2077.0,1291.0,-121.0
843.0,대우부품,1985.0,0.0,0.00%,500.0,992.0,944.0,11.0
844.0,한국종합기술,8630.0,320.0,+3.85%,500.0,2683.0,3394.0,72.0
845.0,대유에이텍,821.0,15.0,-1.79%,500.0,16558.0,13210.0,423.0
846.0,KODEX 미국달러선물,12085.0,75.0,+0.62%,0.0,,,
847.0,동방아그로,6900.0,90.0,+1.32%,500.0,1341.0,2045.0,82.0
848.0,텔코웨어,9680.0,10.0,-0.10%,500.0,348.0,1222.0,12.0
849.0,KBSTAR Fn5G테크,8375.0,80.0,+0.96%,0.0,,,
850.0,천일고속,65400.0,600.0,-0.91%,5000.0,293.0,627.0,-98.0
851.0,두올,2825.0,0.0,0.00%,2500.0,4956.0,4241.0,253.0
852.0,KBSTAR 코스닥150선물레버리지,9215.0,20.0,-0.22%,0.0,,,
853.0,서울식품,248.0,1.0,-0.40%,100.0,553.0,723.0,-36.0
854.0,유니온,5910.0,240.0,-3.90%,500.0,2159.0,3662.0,52.0
855.0,신풍제약우,41850.0,450.0,-1.06%,500.0,,,
856.0,부산산업,87000.0,600.0,-0.68%,5000.0,1280.0,1338.0,4.0
857.0,아센디오,1140.0,10.0,+0.88%,500.0,216.0,681.0,-36.0
858.0,큐로,396.0,0.0,0.00%,500.0,807.0,1659.0,-150.0
859.0,가온전선,22000.0,300.0,+1.38%,5000.0,10704.0,6590.0,166.0
860.0,TIGER 200 건설,2720.0,5.0,+0.18%,0.0,,,
861.0,사조씨푸드,5310.0,60.0,-1.12%,1000.0,1746.0,3369.0,140.0
862.0,DRB동일,4560.0,50.0,-1.08%,500.0,5513.0,8320.0,6.0
863.0,마니커,1430.0,10.0,-0.69%,500.0,2527.0,1965.0,-130.0
864.0,콤텍시스템,745.0,5.0,-0.67%,500.0,3825.0,3491.0,173.0
865.0,메타랩스,719.0,5.0,-0.69%,500.0,393.0,850.0,-14.0
866.0,써니전자,2565.0,60.0,-2.29%,500.0,164.0,772.0,18.0
867.0,DSR,5570.0,40.0,+0.72%,500.0,2724.0,3026.0,135.0
868.0,KBSTAR 2차전지액티브,9480.0,15.0,+0.16%,0.0,,,
869.0,일진디스플,1715.0,45.0,-2.56%,500.0,1014.0,1175.0,-355.0
870.0,아모레G우,13700.0,100.0,-0.72%,500.0,,,
871.0,오리엔트바이오,744.0,0.0,0.00%,500.0,263.0,1050.0,-38.0
872.0,KINDEX 미국WideMoat가치주,18255.0,130.0,+0.72%,0.0,,,
873.0,한솔로지스틱스,3180.0,10.0,-0.31%,500.0,7470.0,2666.0,303.0
874.0,혜인,6860.0,150.0,-2.14%,500.0,2064.0,1947.0,91.0
875.0,덕성,5540.0,110.0,-1.95%,500.0,1152.0,1253.0,40.0
876.0,우진플라임,4335.0,65.0,-1.48%,500.0,2340.0,2764.0,166.0
877.0,평화산업,1575.0,85.0,-5.12%,500.0,4241.0,2201.0,59.0
878.0,유니켐,1185.0,5.0,+0.42%,500.0,1233.0,3359.0,95.0
879.0,제일연마,8630.0,80.0,+0.94%,500.0,797.0,1065.0,66.0
880.0,미래에셋맵스리츠,4270.0,5.0,-0.12%,1000.0,59.0,2925.0,38.0
881.0,사조오양,9080.0,80.0,-0.87%,5000.0,3289.0,3159.0,204.0
882.0,KBSTAR 미국단기투자등급회사채액티브,10305.0,55.0,+0.54%,0.0,,,
883.0,진양산업,6570.0,70.0,-1.05%,500.0,764.0,779.0,68.0
884.0,NH프라임리츠,4575.0,10.0,+0.22%,500.0,26.0,945.0,23.0
885.0,KODEX 차이나2차전지MSCI(합성),10140.0,100.0,-0.98%,0.0,,,
886.0,KC그린홀딩스,3795.0,70.0,-1.81%,500.0,7508.0,9066.0,204.0
887.0,화승알앤에이,4480.0,20.0,+0.45%,500.0,5058.0,4021.0,81.0
888.0,금비,85000.0,4200.0,-4.71%,5000.0,2286.0,3379.0,99.0
889.0,대림B&Co,5090.0,60.0,-1.17%,1000.0,2604.0,3266.0,24.0
890.0,TIGER 차이나CSI300레버리지(합성),23380.0,230.0,-0.97%,0.0,,,
891.0,솔루스첨단소재1우,9940.0,130.0,+1.33%,100.0,,,
892.0,KINDEX G2전기차&자율주행액티브,9990.0,110.0,-1.09%,0.0,,,
893.0,CS홀딩스,72500.0,2500.0,+3.57%,5000.0,1590.0,3537.0,196.0
894.0,국동,1505.0,15.0,-0.99%,500.0,2270.0,1685.0,-36.0
895.0,핸즈코퍼레이션,3800.0,30.0,+0.80%,500.0,5622.0,8950.0,-501.0
896.0,호전실업,8520.0,220.0,+2.65%,500.0,3449.0,3027.0,206.0
897.0,태평양물산,1725.0,5.0,-0.29%,500.0,8929.0,7650.0,14.0
898.0,경동인베스트,35050.0,450.0,-1.27%,5000.0,2985.0,5777.0,139.0
899.0,두산2우B,92300.0,200.0,+0.22%,5000.0,,,
900.0,영보화학,4120.0,5.0,+0.12%,500.0,997.0,1799.0,59.0
901.0,화승코퍼레이션,1625.0,25.0,-1.52%,500.0,13998.0,11552.0,102.0
902.0,엔케이,1015.0,5.0,-0.49%,500.0,691.0,1307.0,19.0
903.0,KODEX WTI원유선물(H),15645.0,150.0,-0.95%,0.0,,,
904.0,코스맥스비티아이,8430.0,20.0,+0.24%,500.0,5760.0,9547.0,119.0
905.0,세원정공,8090.0,0.0,0.00%,500.0,1425.0,6222.0,2.0
906.0,한창,1020.0,10.0,+0.99%,500.0,352.0,1343.0,-47.0
907.0,한국프랜지,2640.0,30.0,+1.15%,1000.0,10039.0,6994.0,262.0
908.0,영흥,793.0,9.0,-1.12%,500.0,4086.0,5190.0,67.0
909.0,화인베스틸,2685.0,10.0,-0.37%,500.0,1241.0,1832.0,55.0
910.0,국보,1005.0,10.0,-0.99%,500.0,968.0,1023.0,-80.0
911.0,문배철강,3860.0,40.0,-1.03%,500.0,2049.0,2098.0,208.0
912.0,TIGER 200선물레버리지,11115.0,125.0,-1.11%,0.0,,,
913.0,하이스틸,3940.0,165.0,-4.02%,500.0,2262.0,2597.0,146.0
914.0,비상교육,6030.0,220.0,-3.52%,500.0,2156.0,2715.0,77.0
915.0,KBSTAR 단기국공채액티브,102510.0,15.0,-0.01%,0.0,,,
916.0,에넥스,1285.0,15.0,-1.15%,500.0,2018.0,1329.0,-123.0
917.0,우성,24900.0,300.0,+1.22%,5000.0,4805.0,3446.0,9.0
918.0,인팩,7670.0,60.0,-0.78%,500.0,4393.0,3540.0,128.0
919.0,남성,2115.0,15.0,-0.70%,500.0,1023.0,2888.0,69.0
920.0,세하,1330.0,40.0,-2.92%,1000.0,2044.0,1953.0,133.0
921.0,삼정펄프,30400.0,400.0,-1.30%,5000.0,1381.0,2394.0,13.0
922.0,KODEX 200ESG,11515.0,85.0,-0.73%,0.0,,,
923.0,신한 인버스 2X WTI원유 선물 ETN(H),120.0,0.0,0.00%,0.0,,,
924.0,TIGER 경기방어,9345.0,40.0,-0.43%,0.0,,,
925.0,코오롱인더우,27000.0,50.0,-0.18%,5000.0,,,
926.0,TIGER KEDI혁신기업ESG30,9445.0,15.0,+0.16%,0.0,,,
927.0,현대건설우,70200.0,300.0,-0.43%,5000.0,,,
928.0,부국철강,3680.0,20.0,-0.54%,500.0,1957.0,1507.0,81.0
929.0,신한 WTI원유 선물 ETN(H),7345.0,70.0,-0.94%,0.0,,,
930.0,DL이앤씨2우(전환),34400.0,300.0,+0.88%,5000.0,,,
931.0,KODEX 은선물(H),3560.0,35.0,+0.99%,0.0,,,
932.0,화천기공,33000.0,300.0,-0.90%,5000.0,2040.0,4254.0,33.0
933.0,유성기업,2795.0,45.0,-1.58%,500.0,2764.0,4100.0,75.0
934.0,KODEX 미국달러선물인버스2X,6650.0,30.0,-0.45%,0.0,,,
935.0,DSR제강,5000.0,70.0,-1.38%,500.0,2071.0,2417.0,43.0
936.0,HANARO e커머스,12695.0,65.0,-0.51%,0.0,,,
937.0,대신 2X 니켈선물 ETN(H),14140.0,1440.0,-9.24%,0.0,,,
938.0,KODEX 200IT TR,10465.0,35.0,-0.33%,0.0,,,
939.0,TIGER 200 중공업,3185.0,25.0,-0.78%,0.0,,,
940.0,성보화학,3490.0,25.0,+0.72%,500.0,577.0,1722.0,10.0
941.0,TIGER 중장기국채,47920.0,145.0,+0.30%,0.0,,,
942.0,초록뱀헬스케어,814.0,1.0,-0.12%,500.0,186.0,1763.0,-18.0
943.0,KBSTAR 중국본토대형주CSI100,19110.0,145.0,-0.75%,0.0,,,
944.0,모나미,3630.0,40.0,-1.09%,1000.0,1322.0,2025.0,51.0
945.0,화천기계,3100.0,35.0,-1.12%,500.0,1759.0,1559.0,13.0
946.0,TRUE S&P500 선물 ETN,13580.0,135.0,+1.00%,0.0,,,
947.0,KC코트렐,3855.0,15.0,-0.39%,500.0,3550.0,3851.0,46.0
948.0,KODEX K-신재생에너지액티브,11595.0,125.0,-1.07%,0.0,,,
949.0,KODEX 건설,2945.0,10.0,+0.34%,0.0,,,
950.0,상신브레이크,3130.0,35.0,-1.11%,500.0,3970.0,4936.0,122.0
951.0,KINDEX 미국고배당S&P,10815.0,150.0,+1.41%,0.0,,,
952.0,SOL KIS단기통안채,101295.0,35.0,+0.03%,0.0,,,
953.0,ARIRANG 신흥국MSCI(합성 H),9280.0,50.0,-0.54%,0.0,,,
954.0,에쓰씨엔지니어링,2130.0,85.0,+4.16%,500.0,757.0,1164.0,-66.0
955.0,TIGER 국채3년,105430.0,385.0,+0.37%,0.0,,,
956.0,KOSEF 인도Nifty50(합성),19490.0,80.0,-0.41%,0.0,,,
957.0,서원,1395.0,5.0,+0.36%,500.0,2616.0,2934.0,151.0
958.0,TIGER 소프트웨어,9950.0,120.0,-1.19%,0.0,,,
959.0,유한양행우,55700.0,0.0,0.00%,1000.0,,,
960.0,제이준코스메틱,854.0,8.0,-0.93%,500.0,205.0,799.0,-173.0
961.0,TRUE 인버스 2X 나스닥 100 ETN,2180.0,35.0,-1.58%,0.0,,,
962.0,KODEX 한국대만IT프리미어,16720.0,70.0,-0.42%,0.0,,,
963.0,TIGER 미국S&P500레버리지(합성 H),24690.0,475.0,+1.96%,0.0,,,
964.0,DL우,38650.0,300.0,-0.77%,5000.0,,,
965.0,한국전자홀딩스,1390.0,10.0,-0.71%,500.0,3312.0,4636.0,385.0
966.0,파워 200,31730.0,135.0,-0.42%,0.0,,,
967.0,미래에셋증권우,4615.0,5.0,-0.11%,5000.0,,,
968.0,대신 철광석 선물 ETN(H),32075.0,1755.0,-5.19%,0.0,,,
969.0,DL이앤씨우,30150.0,650.0,+2.20%,5000.0,,,
970.0,KODEX K-미래차액티브,9800.0,5.0,+0.05%,0.0,,,
971.0,KBSTAR 고배당,10865.0,60.0,-0.55%,0.0,,,
972.0,KR모터스,661.0,9.0,-1.34%,500.0,1335.0,1684.0,-27.0
973.0,MH에탄올,8600.0,110.0,-1.26%,500.0,1021.0,4515.0,233.0
974.0,GS우,35550.0,0.0,0.00%,5000.0,,,
975.0,동양피스톤,4810.0,5.0,+0.10%,500.0,3546.0,3626.0,103.0
976.0,KODEX 미국반도체MV,9720.0,0.0,0.00%,0.0,,,
977.0,SG글로벌,1405.0,5.0,-0.35%,500.0,578.0,1870.0,-6.0
978.0,TRUE 나스닥 100 ETN,12575.0,145.0,+1.17%,0.0,,,
979.0,영화금속,1170.0,0.0,0.00%,500.0,2355.0,2116.0,-164.0
980.0,TIGER 차이나바이오테크SOLACTIVE,7880.0,40.0,-0.51%,0.0,,,
981.0,TIGER 인버스,5495.0,30.0,+0.55%,0.0,,,
982.0,티에이치엔,3405.0,45.0,+1.34%,500.0,4027.0,3399.0,198.0
983.0,TIGER 화장품,2190.0,5.0,+0.23%,0.0,,,
984.0,윌비스,897.0,2.0,-0.22%,1000.0,2765.0,2941.0,44.0
985.0,성안,1060.0,97.0,+10.07%,500.0,789.0,1416.0,-61.0
986.0,동일제강,2965.0,85.0,-2.79%,500.0,1822.0,1805.0,79.0
987.0,한익스프레스,5010.0,0.0,0.00%,500.0,7763.0,3748.0,57.0
988.0,부국증권우,20000.0,0.0,0.00%,5000.0,,,
989.0,에이엔피,2060.0,120.0,-5.50%,500.0,693.0,820.0,-120.0
990.0,KBSTAR Fn컨택트대표,7905.0,55.0,+0.70%,0.0,,,
991.0,TIGER Fn반도체TOP10,6970.0,65.0,-0.92%,0.0,,,
992.0,참엔지니어링,988.0,16.0,+1.65%,500.0,1506.0,6991.0,26.0
993.0,진양화학,3630.0,50.0,-1.36%,500.0,348.0,337.0,-39.0
994.0,갤럭시아에스엠,2070.0,35.0,-1.66%,500.0,289.0,409.0,35.0
995.0,티웨이홀딩스,520.0,1.0,+0.19%,500.0,2267.0,8053.0,-1485.0
996.0,KB Wise 분할매매 ETN,9425.0,0.0,0.00%,0.0,,,
997.0,HANARO 단기채권액티브,100935.0,5.0,0.00%,0.0,,,
998.0,KODEX 유럽탄소배출권선물ICE(H),12815.0,235.0,+1.87%,0.0,,,
999.0,인디에프,785.0,75.0,+10.56%,500.0,1487.0,1253.0,-221.0
1000.0,TIGER 미국필라델피아반도체레버리지(합성),8495.0,20.0,+0.24%,0.0,,,
1001.0,진양폴리,5500.0,120.0,-2.14%,500.0,531.0,481.0,47.0
1002.0,부산주공,803.0,27.0,+3.48%,500.0,1868.0,2397.0,-93.0
1003.0,TIGER 글로벌BBIG액티브,10320.0,65.0,+0.63%,0.0,,,
1004.0,KINDEX 미국친환경그린테마INDXX,11610.0,25.0,+0.22%,0.0,,,
1005.0,KODEX 미국종합채권SRI액티브(H),97135.0,350.0,-0.36%,0.0,,,
1006.0,TIGER 유로스탁스50(합성 H),12070.0,20.0,-0.17%,0.0,,,
1007.0,KODEX Fn성장,13235.0,65.0,-0.49%,0.0,,,
1008.0,선도전기,3000.0,0.0,0.00%,500.0,833.0,1679.0,-106.0
1009.0,대림통상,3540.0,65.0,-1.80%,1000.0,1552.0,1658.0,29.0
1010.0,삼성 코스피 풋매도 ETN,10770.0,0.0,0.00%,0.0,,,
1011.0,신풍제지,1535.0,50.0,-3.15%,500.0,259.0,939.0,-40.0
1012.0,KBSTAR 국채선물5년추종인버스,54120.0,255.0,-0.47%,0.0,,,
1013.0,한화솔루션우,47650.0,1100.0,-2.26%,5000.0,,,
1014.0,HANARO 200선물인버스,11375.0,60.0,+0.53%,0.0,,,
1015.0,형지엘리트,1715.0,5.0,+0.29%,500.0,1353.0,1304.0,-3.0
1016.0,롯데칠성우,68900.0,100.0,+0.15%,500.0,,,
1017.0,미래에셋 전기전자 Core5 ETN,26650.0,0.0,0.00%,0.0,,,
1018.0,케이비아이동국실업,606.0,18.0,-2.88%,500.0,5214.0,5680.0,-733.0
1019.0,SUN&L,4195.0,175.0,-4.00%,1000.0,4653.0,5662.0,-219.0
1020.0,TIGER 200TR,17040.0,80.0,-0.47%,0.0,,,
1021.0,SJM,3340.0,0.0,0.00%,500.0,1457.0,2450.0,77.0
1022.0,HANARO 글로벌럭셔리S&P(합성),16165.0,195.0,-1.19%,0.0,,,
1023.0,TIGER 퓨처모빌리티액티브,9285.0,35.0,+0.38%,0.0,,,
1024.0,삼성 블룸버그 인버스 2X WTI원유 선물 ETN,20685.0,445.0,+2.20%,0.0,,,
1025.0,KODEX 국고채30년액티브,94325.0,595.0,+0.63%,0.0,,,
1026.0,비비안,1720.0,50.0,-2.82%,500.0,1879.0,1982.0,14.0
1027.0,원림,22250.0,450.0,-1.98%,5000.0,797.0,1703.0,32.0
1028.0,ARIRANG 미국S&P500(H),16925.0,185.0,+1.11%,0.0,,,
1029.0,바다로19호,3325.0,5.0,-0.15%,5000.0,114.0,474.0,77.0
1030.0,KBSTAR 200TR,16475.0,85.0,-0.51%,0.0,,,
1031.0,히어로즈 단기채권ESG액티브,100010.0,0.0,0.00%,0.0,,,
1032.0,케이탑리츠,1030.0,10.0,-0.96%,1000.0,320.0,2489.0,180.0
1033.0,이스타코,1155.0,20.0,-1.70%,500.0,71.0,821.0,-3.0
1034.0,KOSEF 통안채1년,100905.0,10.0,+0.01%,0.0,,,
1035.0,평화홀딩스,3350.0,15.0,-0.45%,500.0,6277.0,5181.0,76.0
1036.0,TIGER 코스닥150 레버리지,9390.0,0.0,0.00%,0.0,,,
1037.0,KODEX 차이나H레버리지(H),2380.0,75.0,-3.05%,0.0,,,
1038.0,키움 코스피 200 ETN,9745.0,0.0,0.00%,0.0,,,
1039.0,TIGER 미국S&P500선물인버스(H),4065.0,40.0,-0.97%,0.0,,,
1040.0,KODEX 미국달러선물인버스,8395.0,55.0,-0.65%,0.0,,,
1041.0,KBSTAR 대형고배당10TR,13610.0,165.0,-1.20%,0.0,,,
1042.0,KODEX 차이나H,16650.0,30.0,-0.18%,0.0,,,
1043.0,WISCOM,3150.0,25.0,-0.79%,500.0,1176.0,1353.0,0.0
1044.0,신한 인버스 2X 천연가스 선물 ETN,140.0,5.0,-3.45%,0.0,,,
1045.0,ARIRANG ESG가치주액티브,7575.0,50.0,-0.66%,0.0,,,
1046.0,우진아이엔에스,6310.0,20.0,-0.32%,500.0,895.0,1147.0,-67.0
1047.0,KODEX 차이나심천ChiNext(합성),11980.0,10.0,+0.08%,0.0,,,
1048.0,주연테크,800.0,11.0,-1.36%,200.0,882.0,597.0,-5.0
1049.0,동양고속,16350.0,850.0,+5.48%,5000.0,812.0,1688.0,-220.0
1050.0,TIGER 글로벌클라우드컴퓨팅INDXX,8200.0,70.0,-0.85%,0.0,,,
1051.0,QV 레버리지 S&P500 ETN,23585.0,460.0,+1.99%,0.0,,,
1052.0,KBSTAR 중기우량회사채,101095.0,60.0,+0.06%,0.0,,,
1053.0,QV 코스닥 150 ETN,11755.0,75.0,-0.63%,0.0,,,
1054.0,신한 레버리지 은 선물 ETN(H),4700.0,80.0,+1.73%,0.0,,,
1055.0,태양금속,1275.0,5.0,-0.39%,500.0,4630.0,4477.0,-8.0
1056.0,씨아이테크,1070.0,60.0,-5.31%,500.0,472.0,795.0,9.0
1057.0,미래에셋 인버스 2X 원유선물혼합 ETN(H),18515.0,320.0,+1.76%,0.0,,,
1058.0,동원수산,9830.0,270.0,+2.82%,5000.0,1446.0,1009.0,62.0
1059.0,KINDEX 인도네시아MSCI(합성),11135.0,75.0,+0.68%,0.0,,,
1060.0,KODEX 미국S&P고배당커버드콜(합성 H),9120.0,45.0,+0.50%,0.0,,,
1061.0,호텔신라우,60300.0,1300.0,+2.20%,5000.0,,,
1062.0,센트럴인사이트,2490.0,0.0,0.00%,500.0,181.0,324.0,-50.0
1063.0,KINDEX 단기채권알파액티브,99855.0,10.0,-0.01%,0.0,,,
1064.0,KODEX 아시아달러채권SRI플러스액티브,51050.0,310.0,+0.61%,0.0,,,
1065.0,TIGER 차이나클린에너지SOLACTIVE,10045.0,125.0,-1.23%,0.0,,,
1066.0,SJM홀딩스,2980.0,0.0,0.00%,500.0,1497.0,3329.0,79.0
1067.0,유엔젤,3370.0,15.0,-0.44%,500.0,297.0,617.0,31.0
1068.0,ARIRANG 미국S&P500,10330.0,120.0,+1.18%,0.0,,,
1069.0,삼성 미국 대형 성장주 ETN,22150.0,0.0,0.00%,0.0,,,
1070.0,미래산업,9940.0,310.0,-3.02%,500.0,483.0,1177.0,85.0
1071.0,이화산업,15800.0,300.0,-1.86%,5000.0,578.0,2748.0,-50.0
1072.0,SOL 200 Top10,8190.0,40.0,-0.49%,0.0,,,
1073.0,유화증권우,2525.0,5.0,+0.20%,1000.0,,,
1074.0,세기상사,8330.0,190.0,-2.23%,500.0,179.0,464.0,-16.0
1075.0,삼성 블룸버그 레버리지 WTI원유 선물 ETN,17635.0,215.0,-1.20%,0.0,,,
1076.0,HANARO Fn K-뉴딜디지털플러스,8770.0,20.0,+0.23%,0.0,,,
1077.0,세우글로벌,1520.0,40.0,-2.56%,500.0,324.0,496.0,26.0
1078.0,동원금속,931.0,13.0,+1.42%,500.0,3874.0,4569.0,117.0
1079.0,두산퓨얼셀2우B,14550.0,100.0,-0.68%,100.0,,,
1080.0,KINDEX 종합채권(AA-이상)KIS액티브,91415.0,65.0,+0.07%,0.0,,,
1081.0,TIGER 미국나스닥바이오,19755.0,710.0,+3.73%,0.0,,,
1082.0,우신시스템,2300.0,25.0,-1.08%,500.0,2623.0,3096.0,-115.0
1083.0,SK디스커버리우,30950.0,350.0,+1.14%,5000.0,,,
1084.0,녹십자홀딩스2우,49550.0,750.0,+1.54%,500.0,,,
1085.0,경인전자,26650.0,0.0,0.00%,5000.0,274.0,659.0,20.0
1086.0,미래아이앤지,300.0,3.0,+1.01%,100.0,78.0,997.0,9.0
1087.0,TBH글로벌,1995.0,20.0,+1.01%,500.0,1881.0,1170.0,53.0
1088.0,TRUE 블룸버그 인버스 2X WTI원유 선물 ETN,20755.0,460.0,+2.27%,0.0,,,
1089.0,TIGER 미국나스닥100레버리지(합성),9515.0,320.0,+3.48%,0.0,,,
1090.0,롯데지주우,50900.0,600.0,-1.17%,200.0,,,
1091.0,미래에셋 원자재 선물 ETN(H),13655.0,305.0,-2.18%,0.0,,,
1092.0,대교우B,2105.0,20.0,-0.94%,500.0,,,
1093.0,한국주강,3615.0,120.0,-3.21%,500.0,453.0,502.0,-6.0
1094.0,KINDEX KRX금현물,10690.0,15.0,+0.14%,0.0,,,
1095.0,신한 S&P500 VIX S/T 선물 ETN C,8110.0,165.0,-1.99%,0.0,,,
1096.0,삼성 코스피 200 ETN,8060.0,55.0,-0.68%,0.0,,,
1097.0,TRUE 코스피 200 ETN,8045.0,75.0,-0.92%,0.0,,,
1098.0,TIMEFOLIO Kstock액티브,8170.0,20.0,+0.25%,0.0,,,
1099.0,TRUE 코스피 양매도 3% OTM ETN,7955.0,0.0,0.00%,0.0,,,
1100.0,한성기업,6400.0,60.0,-0.93%,5000.0,2515.0,1999.0,-58.0
1101.0,TIGER 레버리지,14105.0,150.0,-1.05%,0.0,,,
1102.0,삼성 코스닥 150 ETN,7885.0,45.0,-0.57%,0.0,,,
1103.0,KODEX 철강,7915.0,170.0,-2.10%,0.0,,,
1104.0,SOL 글로벌탄소배출권선물IHS(합성),12150.0,65.0,+0.54%,0.0,,,
1105.0,KODEX 코스피TR,11395.0,65.0,-0.57%,0.0,,,
1106.0,대신 인버스 2X 알루미늄 선물 ETN(H),38680.0,205.0,-0.53%,0.0,,,
1107.0,SHD,31800.0,100.0,-0.31%,5000.0,1048.0,710.0,57.0
1108.0,TIGER KRX인터넷K-뉴딜,5425.0,45.0,-0.82%,0.0,,,
1109.0,TRUE 인버스 2X 은 선물 ETN,38070.0,370.0,-0.96%,0.0,,,
1110.0,미래에셋 인버스 2X 은 선물 ETN,37935.0,475.0,-1.24%,0.0,,,
1111.0,KBSTAR 게임테마,11495.0,180.0,-1.54%,0.0,,,
1112.0,삼성 미국 대형 성장주 ETN(H),18880.0,0.0,0.00%,0.0,,,
1113.0,KODEX 바이오,8575.0,10.0,+0.12%,0.0,,,
1114.0,KODEX 증권,5800.0,10.0,-0.17%,0.0,,,
1115.0,TIGER 리츠부동산인프라채권TR KIS,5305.0,10.0,-0.19%,0.0,,,
1116.0,KODEX 200미국채혼합,12285.0,10.0,-0.08%,0.0,,,
1117.0,삼성 미국 대형 가치주 ETN,18650.0,0.0,0.00%,0.0,,,
1118.0,삼성 인버스 2X 나스닥 100 ETN(H),7410.0,175.0,-2.31%,0.0,,,
1119.0,TRUE 인버스 2X 천연가스 선물 ETN(H),250.0,5.0,-1.96%,0.0,,,
1120.0,모두투어리츠,4705.0,10.0,+0.21%,5000.0,61.0,1098.0,34.0
1121.0,유안타증권우,2850.0,5.0,+0.18%,5000.0,,,
1122.0,에셋플러스 글로벌플랫폼액티브,6455.0,30.0,+0.47%,0.0,,,
1123.0,KINDEX 국고채3년,101650.0,365.0,+0.36%,0.0,,,
1124.0,KOSEF 릭소글로벌퓨처모빌리티MSCI,10425.0,210.0,-1.97%,0.0,,,
1125.0,한솔PNS,1780.0,70.0,+4.09%,500.0,2629.0,1097.0,46.0
1126.0,KBSTAR 금융채액티브,98805.0,20.0,-0.02%,0.0,,,
1127.0,삼성 레버리지 China A50 선물 ETN(H),36090.0,930.0,-2.51%,0.0,,,
1128.0,태원물산,4745.0,85.0,-1.76%,500.0,147.0,374.0,-5.0
1129.0,KB 레버리지 S&P 500 선물 ETN(H),8990.0,170.0,+1.93%,0.0,,,
1130.0,남양유업우,213500.0,500.0,-0.23%,5000.0,,,
1131.0,KOSEF 미국방어배당성장나스닥,14210.0,290.0,+2.08%,0.0,,,
1132.0,신한 레버리지 S&P500 선물 ETN,17725.0,385.0,+2.22%,0.0,,,
1133.0,KBSTAR 200선물인버스2X,3165.0,30.0,+0.96%,0.0,,,
1134.0,대한항공우,31900.0,150.0,-0.47%,5000.0,,,
1135.0,KODEX 코스피대형주,11400.0,65.0,-0.57%,0.0,,,
1136.0,TRUE 블룸버그 레버리지 WTI원유 선물 ETN,17665.0,260.0,-1.45%,0.0,,,
1137.0,KOSEF 국고채3년,107015.0,280.0,+0.26%,0.0,,,
1138.0,KODEX KRX기후변화솔루션,9250.0,50.0,-0.54%,0.0,,,
1139.0,성문전자,1800.0,25.0,-1.37%,500.0,493.0,544.0,34.0
1140.0,KODEX KRX300,14550.0,80.0,-0.55%,0.0,,,
1141.0,TIGER 200 헬스케어,18220.0,15.0,-0.08%,0.0,,,
1142.0,미래에셋 중국 심천 100 ETN,17020.0,10.0,-0.06%,0.0,,,
1143.0,체시스,1060.0,5.0,+0.47%,500.0,429.0,812.0,-17.0
1144.0,KODEX 미국채울트라30년선물(H),9415.0,95.0,-1.00%,0.0,,,
1145.0,KODEX 국채선물10년,61950.0,310.0,+0.50%,0.0,,,
1146.0,TIGER 인도니프티50레버리지(합성),27680.0,420.0,-1.49%,0.0,,,
1147.0,미래에셋 KRX금현물 Auto-KO-C 2312-01 ETN,11245.0,0.0,0.00%,0.0,,,
1148.0,한화투자증권우,6960.0,0.0,0.00%,5000.0,,,
1149.0,QV S&P500 버퍼10% 9월 ETN,11135.0,115.0,+1.04%,0.0,,,
1150.0,HANARO Fn전기&수소차,8350.0,0.0,0.00%,0.0,,,
1151.0,TIGER 탄소효율그린뉴딜,7765.0,25.0,-0.32%,0.0,,,
1152.0,진도,2675.0,70.0,-2.55%,500.0,590.0,1364.0,38.0
1153.0,키움 미국달러선물 ETN,11070.0,30.0,+0.27%,0.0,,,
1154.0,TRUE 인버스 2X 구리 선물 ETN,33060.0,1260.0,+3.96%,0.0,,,
1155.0,QV 인버스 레버리지 은 선물 ETN(H),32855.0,0.0,0.00%,0.0,,,
1156.0,신한 레버리지 금 선물 ETN,16330.0,10.0,+0.06%,0.0,,,
1157.0,메리츠 인버스 2X 은 선물 ETN(H),32575.0,360.0,-1.09%,0.0,,,
1158.0,QV 코스피 200 ETN,32505.0,0.0,0.00%,0.0,,,
1159.0,KINDEX 삼성그룹섹터가중,13985.0,0.0,0.00%,0.0,,,
1160.0,금호전기,1320.0,20.0,-1.49%,500.0,416.0,838.0,-86.0
1161.0,TIGER KRX기후변화솔루션,9285.0,35.0,-0.38%,0.0,,,
1162.0,TIGER 농산물선물Enhanced(H),7615.0,60.0,-0.78%,0.0,,,
1163.0,KBSTAR 미국S&P원유생산기업(합성 H),6440.0,5.0,-0.08%,0.0,,,
1164.0,KODEX 미국나스닥100선물인버스(H),12455.0,135.0,-1.07%,0.0,,,
1165.0,삼성 미국 대형 가치주 ETN(H),15875.0,70.0,+0.44%,0.0,,,
1166.0,KODEX 미디어&엔터테인먼트,14300.0,125.0,-0.87%,0.0,,,
1167.0,대신343 K200,31435.0,85.0,-0.27%,0.0,,,
1168.0,삼성 China A50 선물 ETN(H),15675.0,120.0,-0.76%,0.0,,,
1169.0,삼화전자,2990.0,150.0,-4.78%,1000.0,443.0,669.0,-40.0
1170.0,미래에셋 레버리지 옥수수 선물 ETN,31170.0,340.0,-1.08%,0.0,,,
1171.0,BYC우,143500.0,0.0,0.00%,5000.0,,,
1172.0,KB 천연가스 선물 ETN(H),30895.0,390.0,+1.28%,0.0,,,
1173.0,대신 천연가스 선물 ETN(H),30745.0,210.0,+0.69%,0.0,,,
1174.0,신한 레버리지 미국달러 선물 ETN,15205.0,85.0,+0.56%,0.0,,,
1175.0,미래에셋 에너지화학 Core5 ETN,15095.0,30.0,-0.20%,0.0,,,
1176.0,KOSEF 미국달러선물,14340.0,85.0,+0.60%,0.0,,,
1177.0,TRUE 인버스 2X 플래티넘 선물 ETN,29950.0,1255.0,+4.37%,0.0,,,
1178.0,베트남개발1,217.0,0.0,0.00%,0.0,,,
1179.0,TIGER 차이나항셍테크레버리지(합성 H),9635.0,345.0,-3.46%,0.0,,,
1180.0,HANARO 200선물레버리지,16085.0,185.0,-1.14%,0.0,,,
1181.0,KBSTAR 내수주플러스,8120.0,5.0,-0.06%,0.0,,,
1182.0,미래에셋 원유선물혼합 ETN(H),29520.0,295.0,-0.99%,0.0,,,
1183.0,신한 구리 선물 ETN(H),14750.0,390.0,-2.58%,0.0,,,
1184.0,SOL 미국S&P500ESG,10475.0,155.0,+1.50%,0.0,,,
1185.0,SOL 미국S&P500,11270.0,155.0,+1.39%,0.0,,,
1186.0,하나 레버리지 콩 선물 ETN(H),29255.0,355.0,-1.20%,0.0,,,
1187.0,KODEX 고배당,9435.0,5.0,+0.05%,0.0,,,
1188.0,코아스,945.0,2.0,-0.21%,500.0,1108.0,793.0,-47.0
1189.0,신한 레버리지 다우존스지수 선물 ETN(H),28990.0,390.0,+1.36%,0.0,,,
1190.0,TIGER Fn신재생에너지,10165.0,175.0,-1.69%,0.0,,,
1191.0,KBSTAR 국채선물3년,50245.0,130.0,+0.26%,0.0,,,
1192.0,TIGER S&P글로벌헬스케어(합성),19290.0,230.0,+1.21%,0.0,,,
1193.0,ARIRANG 미국장기우량회사채,90890.0,475.0,-0.52%,0.0,,,
1194.0,KODEX IT,15845.0,70.0,-0.44%,0.0,,,
1195.0,QV 인버스 레버리지 구리 선물 ETN(H),28400.0,1190.0,+4.37%,0.0,,,
1196.0,메리츠 인버스 2X 구리 선물 ETN(H),28355.0,925.0,+3.37%,0.0,,,
1197.0,미래에셋 코스닥150 Auto-KO-P 2212-01 ETN,14110.0,80.0,+0.57%,0.0,,,
1198.0,HANARO 코스닥150,11110.0,40.0,+0.36%,0.0,,,
1199.0,미래에셋 K200 Auto-KO-P 2212-01 ETN,13885.0,20.0,+0.14%,0.0,,,
1200.0,TIGER 원유선물Enhanced(H),4775.0,45.0,-0.93%,0.0,,,
1201.0,KINDEX 200TR,19575.0,65.0,-0.33%,0.0,,,
1202.0,세방우,7410.0,30.0,+0.41%,500.0,,,
1203.0,신한 브렌트원유 선물 ETN(H),13650.0,175.0,-1.27%,0.0,,,
1204.0,하나 인버스 2X 구리 선물 ETN(H),27055.0,0.0,0.00%,0.0,,,
1205.0,KODEX 헬스케어,12765.0,5.0,-0.04%,0.0,,,
1206.0,일정실업,22300.0,1700.0,-7.08%,5000.0,318.0,413.0,-81.0
1207.0,하나 레버리지 옥수수 선물 ETN(H),26750.0,620.0,-2.27%,0.0,,,
1208.0,ARIRANG 미국나스닥테크,20530.0,150.0,-0.73%,0.0,,,
1209.0,KODEX 차이나A50,20345.0,250.0,-1.21%,0.0,,,
1210.0,신한 콩 선물 ETN(H),13105.0,75.0,-0.57%,0.0,,,
1211.0,대덕전자1우,12500.0,150.0,-1.19%,500.0,,,
1212.0,KODEX S&P글로벌인프라(합성),14510.0,55.0,+0.38%,0.0,,,
1213.0,삼성 KRX 금현물 ETN,13005.0,10.0,+0.08%,0.0,,,
1214.0,TIGER 차이나반도체FACTSET,7280.0,40.0,+0.55%,0.0,,,
1215.0,TIGER 200IT레버리지,32330.0,370.0,-1.13%,0.0,,,
1216.0,TIGER 차이나CSI300인버스(합성),8070.0,35.0,+0.44%,0.0,,,
1217.0,KODEX 미국S&P에너지(합성),12615.0,155.0,+1.24%,0.0,,,
1218.0,삼성 레버리지 금 선물 ETN(H),25690.0,100.0,-0.39%,0.0,,,
1219.0,TRUE 인버스 2X 금 선물 ETN,25550.0,190.0,+0.75%,0.0,,,
1220.0,신한 금 선물 ETN(H),12765.0,55.0,-0.43%,0.0,,,
1221.0,신한 인버스 2X 천연가스 선물 ETN(H),85.0,0.0,0.00%,0.0,,,
1222.0,ARIRANG 미국단기우량회사채,110870.0,385.0,+0.35%,0.0,,,
1223.0,솔루스첨단소재2우B,13300.0,50.0,-0.37%,100.0,,,
1224.0,TIGER AI코리아그로스액티브,10915.0,40.0,-0.37%,0.0,,,
1225.0,삼성중공우,217000.0,2000.0,-0.91%,1000.0,,,
1226.0,삼성 인버스 2X 은 선물 ETN(H),2490.0,40.0,-1.58%,0.0,,,
1227.0,KODEX 탄소효율그린뉴딜,7780.0,45.0,-0.58%,0.0,,,
1228.0,NPC우,4665.0,95.0,-2.00%,500.0,,,
1229.0,메리츠 레버리지 대표 농산물 선물 ETN(H),24440.0,780.0,-3.09%,0.0,,,
1230.0,TIGER 코스닥150선물인버스,5085.0,10.0,-0.20%,0.0,,,
1231.0,TIGER 골드선물(H),12155.0,25.0,-0.21%,0.0,,,
1232.0,미래에셋 KRX금 Auto-KO-C(참200) 2210 ETN,12015.0,0.0,0.00%,0.0,,,
1233.0,미래에셋 인버스 코스피200 선물 ETN,12010.0,40.0,+0.33%,0.0,,,
1234.0,신한 인버스 코스피 200 선물 ETN,11980.0,40.0,-0.33%,0.0,,,
1235.0,KBSTAR 비메모리반도체액티브,7460.0,95.0,-1.26%,0.0,,,
1236.0,하이트론,2470.0,0.0,0.00%,2500.0,275.0,474.0,-150.0
1237.0,에이리츠,5310.0,20.0,-0.38%,5000.0,73.0,941.0,46.0
1238.0,KINDEX 친환경자동차밸류체인액티브,9440.0,90.0,+0.96%,0.0,,,
1239.0,KODEX 미국러셀2000(H),11735.0,60.0,-0.51%,0.0,,,
1240.0,삼성 레버리지 은 선물 ETN(H),7780.0,125.0,+1.63%,0.0,,,
1241.0,KINDEX ESG액티브,7065.0,50.0,-0.70%,0.0,,,
1242.0,코리아써우,7840.0,170.0,-2.12%,500.0,,,
1243.0,신한 옥수수 선물 ETN(H),11520.0,50.0,-0.43%,0.0,,,
1244.0,TIGER 삼성그룹펀더멘털,10095.0,55.0,-0.54%,0.0,,,
1245.0,신한 인버스 코스닥 150 선물 ETN,11495.0,10.0,+0.09%,0.0,,,
1246.0,미래에셋 인버스 코스닥150 선물 ETN,11480.0,15.0,+0.13%,0.0,,,
1247.0,TIGER 200동일가중,10900.0,65.0,-0.59%,0.0,,,
1248.0,TIGER 200 금융,5695.0,20.0,-0.35%,0.0,,,
1249.0,신한 인버스 2X 구리 선물 ETN,4520.0,215.0,+4.99%,0.0,,,
1250.0,KODEX 미국ETF산업Top10 Indxx,11390.0,235.0,+2.11%,0.0,,,
1251.0,메리츠 인버스 2X 금 선물 ETN(H),22120.0,260.0,+1.19%,0.0,,,
1252.0,QV 인버스 미국 IT TOP5 ETN(H),11035.0,170.0,-1.52%,0.0,,,
1253.0,KB 레버리지 항셍테크 선물 ETN(H),2005.0,65.0,-3.14%,0.0,,,
1254.0,TIGER 구리실물,9380.0,30.0,+0.32%,0.0,,,
1255.0,TRUE 인버스 2X 베트남 VN30 선물 ETN(H),21995.0,260.0,-1.17%,0.0,,,
1256.0,KODEX 미국채10년선물,12105.0,80.0,+0.67%,0.0,,,
1257.0,TIGER KRX게임K-뉴딜,6470.0,130.0,-1.97%,0.0,,,
1258.0,대상우,15800.0,0.0,0.00%,1000.0,,,
1259.0,KBSTAR 글로벌4차산업IT(합성 H),18000.0,15.0,+0.08%,0.0,,,
1260.0,KODEX 미국달러선물레버리지,13245.0,155.0,+1.18%,0.0,,,
1261.0,삼성 코스피 풋매도 4% OTM ETN,10740.0,0.0,0.00%,0.0,,,
1262.0,KODEX TRF5050,11930.0,50.0,+0.42%,0.0,,,
1263.0,QV 인버스 레버리지 금 선물 ETN(H),21440.0,0.0,0.00%,0.0,,,
1264.0,대신 밀 선물 ETN(H),10680.0,300.0,-2.73%,0.0,,,
1265.0,TIGER 미국S&P500배당귀족,10340.0,120.0,+1.17%,0.0,,,
1266.0,TIGER 코스피고배당,13280.0,5.0,-0.04%,0.0,,,
1267.0,LX하우시스우,20450.0,50.0,+0.25%,5000.0,,,
1268.0,다이나믹디자인,3995.0,435.0,-9.82%,500.0,530.0,1160.0,-183.0
1269.0,메리츠 레버리지 인플레이션 국채 ETN,10505.0,25.0,+0.24%,0.0,,,
1270.0,KODEX TRF7030,13050.0,45.0,+0.35%,0.0,,,
1271.0,하이트진로2우B,18350.0,0.0,0.00%,5000.0,,,
1272.0,KODEX 에너지화학,15590.0,65.0,-0.42%,0.0,,,
1273.0,하나 S&P 인버스 2X WTI원유 선물 ETN,20705.0,455.0,+2.25%,0.0,,,
1274.0,KB S&P 인버스 2X WTI원유 선물 ETN,20695.0,470.0,+2.32%,0.0,,,
1275.0,메리츠 인플레이션 국채 ETN,10340.0,10.0,+0.10%,0.0,,,
1276.0,신한 블룸버그 인버스 2X WTI원유 선물 ETN,20680.0,430.0,+2.12%,0.0,,,
1277.0,QV 블룸버그 -2X WTI원유선물 ETN,20615.0,440.0,+2.18%,0.0,,,
1278.0,KINDEX 아시아TOP50S&P,12450.0,70.0,-0.56%,0.0,,,
1279.0,KODEX 배당성장채권혼합,11350.0,30.0,+0.27%,0.0,,,
1280.0,미래에셋 미디어엔터 Core5 ETN,10135.0,135.0,-1.31%,0.0,,,
1281.0,삼성 인버스 2X 구리 선물 ETN(H),4035.0,160.0,+4.13%,0.0,,,
1282.0,유유제약1우,8890.0,0.0,0.00%,1000.0,,,
1283.0,티와이홀딩스우,15950.0,100.0,+0.63%,500.0,,,
1284.0,TRUE 레버리지 금 선물 ETN,19885.0,155.0,-0.77%,0.0,,,
1285.0,TIMEFOLIO 이노베이션액티브,7905.0,10.0,-0.13%,0.0,,,
1286.0,QV iSelect 글로벌 EMP ETN(H),9855.0,0.0,0.00%,0.0,,,
1287.0,키움 코스닥 150 ETN,9795.0,0.0,0.00%,0.0,,,
1288.0,ARIRANG 우량회사채50 1년,108555.0,15.0,+0.01%,0.0,,,
1289.0,넥센타이어1우B,2970.0,115.0,+4.03%,500.0,,,
1290.0,비케이탑스,904.0,0.0,0.00%,500.0,248.0,1081.0,-103.0
1291.0,신한 다우존스지수 선물 ETN(H),19180.0,140.0,+0.74%,0.0,,,
1292.0,대신 인버스 천연가스 선물 ETN(H),2385.0,15.0,-0.62%,0.0,,,
1293.0,신한 은 선물 ETN(H),9510.0,20.0,+0.21%,0.0,,,
1294.0,TIGER KRX300,14555.0,85.0,-0.58%,0.0,,,
1295.0,메리츠 미국 인플레이션 국채 ETN(H),9445.0,85.0,-0.89%,0.0,,,
1296.0,KBSTAR 국고채3년,107590.0,220.0,+0.20%,0.0,,,
1297.0,메리츠 블룸버그 인버스 2X WTI선물 ETN(H),18750.0,250.0,+1.35%,0.0,,,
1298.0,HANARO Fn K-POP&미디어,7805.0,70.0,+0.90%,0.0,,,
1299.0,KBSTAR 200선물레버리지,13365.0,155.0,-1.15%,0.0,,,
1300.0,코오롱우,17350.0,450.0,+2.66%,5000.0,,,
1301.0,KINDEX 러시아MSCI(합성),10070.0,0.0,0.00%,0.0
1302.0,KB 인버스 2X 나스닥 100 ETN,9245.0,145.0,-1.54%,0.0
1303.0,대한제당우,2850.0,5.0,+0.18%,500.0
1304.0,TIGER 로우볼,11130.0,20.0,-0.18%,0.0
1305.0,KB 인버스 천연가스 선물 ETN,4060.0,10.0,-0.25%,0.0
1306.0,KODEX 3대농산물선물(H),12670.0,165.0,-1.29%,0.0
1307.0,KODEX 게임산업,8685.0,140.0,-1.59%,0.0
1308.0,KTOP 코스피50,21710.0,165.0,-0.75%,0.0
1309.0,HANARO 글로벌탄소배출권선물ICE(합성),12135.0,75.0,+0.62%,0.0
1310.0,대신 2X 아연선물 ETN(H),9085.0,1075.0,-10.58%,0.0
1311.0,KB 인버스 2X 항셍테크 선물 ETN,18160.0,835.0,+4.82%,0.0
1312.0,신한 K200 USD 선물 바이셀 ETN,9080.0,190.0,-2.05%,0.0
1313.0,삼양홀딩스우,59500.0,100.0,-0.17%,5000.0
1314.0,신한 인버스 2X 은 선물 ETN(H),3610.0,50.0,-1.37%,0.0
1315.0,WOORI 대한민국국고채액티브,49065.0,75.0,+0.15%,0.0
1316.0,메리츠 인버스 2X 국채30년 ETN,17955.0,25.0,+0.14%,0.0
1317.0,KODEX 운송,5085.0,15.0,-0.29%,0.0
1318.0,TIGER 200 에너지화학,16150.0,30.0,-0.19%,0.0
1319.0,신한 블룸버그 레버리지 WTI원유 선물 ETN,17635.0,240.0,-1.34%,0.0
1320.0,하나 S&P 레버리지 WTI원유 선물 ETN,17610.0,290.0,-1.62%,0.0
1321.0,QV 블룸버그 2X WTI원유선물 ETN,17555.0,330.0,-1.85%,0.0
1322.0,미래에셋 KRX 금Auto-KO-P(참100) 2210 ETN,8775.0,0.0,0.00%,0.0
1323.0,한화우,36500.0,50.0,-0.14%,5000.0
1324.0,메리츠 미국레버리지 인플레이션국채ETN(H),8730.0,135.0,-1.52%,0.0
1325.0,KOSEF 미국달러선물레버리지,12645.0,160.0,+1.28%,0.0
1326.0,QV 미국 IT TOP5 ETN(H),24825.0,445.0,+1.83%,0.0
1327.0,TRUE 인버스 은 선물 ETN,17180.0,0.0,0.00%,0.0
1328.0,삼성 레버리지 나스닥 100 ETN(H),8500.0,205.0,+2.47%,0.0
1329.0,삼성 인버스 2X HSCEI ETN(H),16980.0,725.0,+4.46%,0.0
1330.0,QV 레버리지 금 선물 ETN(H),16975.0,0.0,0.00%,0.0
1331.0,TIGER 미국나스닥100TR채권혼합Fn,10275.0,95.0,+0.93%,0.0
1332.0,KODEX 코스피100,24120.0,160.0,-0.66%,0.0
1333.0,LX홀딩스1우,11500.0,100.0,-0.86%,1000.0
1334.0,메리츠 레버리지 금 선물 ETN(H),16820.0,0.0,0.00%,0.0
1335.0,KODEX 배당성장,12715.0,30.0,-0.24%,0.0
1336.0,미래에셋 코스닥150 선물 ETN,8235.0,75.0,+0.92%,0.0
1337.0,KODEX 기계장비,5590.0,10.0,+0.18%,0.0
1338.0,메리츠 인버스 2X KRX300 선물 ETN,16430.0,300.0,+1.86%,0.0
1339.0,ARIRANG 미국다우존스고배당주(합성 H),15935.0,15.0,+0.09%,0.0
1340.0,KODEX 200롱코스닥150숏선물,10240.0,50.0,-0.49%,0.0
1341.0,TRUE 인버스 플래티넘 선물 ETN,16330.0,0.0,0.00%,0.0
1342.0,미래에셋 Q150 Core5 ETN,8160.0,80.0,-0.97%,0.0
1343.0,미래에셋 코스피200 선물 ETN,8160.0,5.0,-0.06%,0.0
1344.0,QV S&P500 VIX S/T 선물 ETN C,8125.0,105.0,-1.28%,0.0
1345.0,KODEX 다우존스미국리츠(H),13000.0,55.0,+0.42%,0.0
1346.0,KODEX Fn시스템반도체,7065.0,75.0,-1.05%,0.0
1347.0,신한 코스피 200 ETN,8110.0,30.0,+0.37%,0.0
1348.0,KB 인버스 2X 은 선물 ETN(H),32405.0,630.0,-1.91%,0.0
1349.0,KODEX 보험,6465.0,75.0,+1.17%,0.0
1350.0,TIGER MSCI KOREA ESG리더스,8620.0,50.0,-0.58%,0.0
1351.0,메리츠 블룸버그 레버리지 WTI선물 ETN(H),16010.0,290.0,-1.78%,0.0
1352.0,KB S&P 레버리지 WTI원유 선물 ETN(H),16005.0,330.0,-2.02%,0.0
1353.0,KODEX 글로벌4차산업로보틱스(합성),14655.0,165.0,-1.11%,0.0
1354.0,신한 FnGuide 폐기물처리 ETN,7965.0,150.0,-1.85%,0.0
1355.0,KOSEF 미국달러선물인버스2X,5785.0,75.0,-1.28%,0.0
1356.0,TRUE 레버리지 베트남 VN30 선물 ETN(H),15800.0,185.0,+1.18%,0.0
1357.0,QV 인버스 레버리지 WTI원유 선물 ETN(H),105.0,0.0,0.00%,0.0
1358.0,HANARO Fn K-게임,5325.0,90.0,-1.66%,0.0
1359.0,KODEX 미국클린에너지나스닥,11200.0,75.0,-0.67%,0.0
1360.0,KINDEX 코스닥150,11195.0,10.0,-0.09%,0.0
1361.0,신한 코스닥 150 ETN,7835.0,60.0,+0.77%,0.0
1362.0,TIGER K게임,9790.0,120.0,-1.21%,0.0
1363.0,KINDEX 원자력테마딥서치,12040.0,160.0,-1.31%,0.0
1364.0,한진칼우,29150.0,150.0,+0.52%,2500.0
1365.0,KODEX 필수소비재,7070.0,30.0,+0.43%,0.0
1366.0,KINDEX 미국다우존스리츠(합성 H),86100.0,395.0,+0.46%,0.0
1367.0,대신 인버스 철광석 선물 ETN(H),1375.0,55.0,+4.17%,0.0
1368.0,KBSTAR 글로벌클린에너지S&P,10765.0,90.0,-0.83%,0.0
1369.0,미래에셋 인버스 미디어엔터 Core5 ETN,15000.0,160.0,+1.08%,0.0
1370.0,ARIRANG ESG성장주액티브,7490.0,30.0,-0.40%,0.0
1371.0,KODEX MSCI KOREA ESG유니버설,9350.0,95.0,-1.01%,0.0
1372.0,ARIRANG 코스피50,21520.0,155.0,-0.72%,0.0
1373.0,삼성 레버리지 항셍테크 ETN(H),2450.0,65.0,-2.58%,0.0
1374.0,FOCUS KRX300,14645.0,50.0,-0.34%,0.0
1375.0,TIGER 유로스탁스배당30,10450.0,15.0,+0.14%,0.0
1376.0,KODEX 200가치저변동,9035.0,70.0,-0.77%,0.0
1377.0,TRUE 레버리지 플래티넘 선물 ETN,14335.0,535.0,-3.60%,0.0
1378.0,KB 인버스 2X 구리 선물 ETN(H),28600.0,1505.0,+5.55%,0.0
1379.0,신한 인버스 WTI원유 선물 ETN(H),2860.0,20.0,+0.70%,0.0
1380.0,신한 레버리지 구리 선물 ETN,14270.0,525.0,-3.55%,0.0
1381.0,TIGER 일본엔선물,9500.0,5.0,+0.05%,0.0
1382.0,KOSEF 코스피100,23555.0,175.0,-0.74%,0.0
1383.0,KINDEX 글로벌메타버스테크액티브,7050.0,200.0,+2.92%,0.0
1384.0,신한 USD K200 선물 바이셀 ETN,7050.0,80.0,+1.15%,0.0
1385.0,TIGER 단기선진하이일드(합성 H),11670.0,0.0,0.00%,0.0
1386.0,TIGER 글로벌자원생산기업(합성 H),14715.0,310.0,-2.06%,0.0
1387.0,KBSTAR 글로벌메타버스Moorgate,7720.0,35.0,+0.46%,0.0
1388.0,신한 인버스 금 선물 ETN(H),6945.0,15.0,+0.22%,0.0
1389.0,TRUE FTSE100 ETN,13870.0,160.0,-1.14%,0.0
1390.0,KBSTAR 채권혼합,57280.0,135.0,+0.24%,0.0
1391.0,메리츠 인버스 국채30년 ETN,13685.0,70.0,+0.51%,0.0
1392.0,메리츠 S&P 유럽탄소배출권 선물 ETN(H),13675.0,325.0,+2.43%,0.0
1393.0,삼성 인버스 HSCEI ETN(H),13665.0,0.0,0.00%,0.0
1394.0,미래에셋 S&P 유럽탄소배출권 선물 ETN,13585.0,230.0,+1.72%,0.0
1395.0,TRUE S&P 유럽탄소배출권 선물 ETN(H),13585.0,245.0,+1.84%,0.0
1396.0,KBSTAR 국채선물5년추종,46855.0,125.0,+0.27%,0.0
1397.0,삼성 S&P500 VIX S/T 선물 ETN(H) C,6745.0,180.0,-2.60%,0.0
1398.0,미래에셋 인버스 2X 옥수수 선물 ETN,13400.0,330.0,+2.52%,0.0
1399.0,KODEX TDF2030액티브,10300.0,5.0,+0.05%,0.0
1400.0,삼성 인버스 항셍테크 ETN(H),13350.0,265.0,+2.03%,0.0
1401.0,신한 인버스 구리 선물 ETN(H),6650.0,130.0,+1.99%,0.0
1402.0,메리츠 S&P 유럽탄소배출권 선물 ETN,13295.0,0.0,0.00%,0.0
1403.0,메리츠 인버스 은 선물 ETN(H),13285.0,85.0,-0.64%,0.0
1404.0,KBSTAR V&S셀렉트밸류채권혼합,11070.0,15.0,-0.14%,0.0
1405.0,KODEX 코스닥150롱코스피200숏선물,8840.0,45.0,+0.51%,0.0
1406.0,삼성 인버스 은 선물 ETN(H),13230.0,140.0,-1.05%,0.0
1407.0,KOSEF 200선물레버리지,13200.0,175.0,-1.31%,0.0
1408.0,KBSTAR 헬스케어채권혼합,10980.0,5.0,+0.05%,0.0
1409.0,TIMEFOLIO 탄소중립액티브,8750.0,5.0,-0.06%,0.0
1410.0,삼성 인버스 2X 항셍테크 ETN(H),13070.0,490.0,+3.90%,0.0
1411.0,신한 FnGuide 메타버스 ETN,6480.0,5.0,-0.08%,0.0
1412.0,대신 S&P 인버스 WTI원유 선물 ETN,12925.0,225.0,+1.77%,0.0
1413.0,미래에셋 천연가스 선물 ETN(H),12925.0,165.0,+1.29%,0.0
1414.0,TIGER 우량가치,10495.0,25.0,+0.24%,0.0
1415.0,메리츠 천연가스 선물 ETN(H),12905.0,140.0,+1.10%,0.0
1416.0,VITA MZ소비액티브,7575.0,55.0,-0.72%,0.0
1417.0,TRUE 레버리지 구리 선물 ETN,12845.0,605.0,-4.50%,0.0
1418.0,ARIRANG 200선물인버스2X,6420.0,70.0,+1.10%,0.0
1419.0,메리츠 인버스 2X 대표 농산물 선물 ETN(H),12815.0,340.0,+2.73%,0.0
1420.0,KINDEX 일본Nikkei225(H),18300.0,85.0,+0.47%,0.0
1421.0,TIGER KRX2차전지K-뉴딜레버리지,6735.0,110.0,+1.66%,0.0
1422.0,메리츠 인버스 2X 미국채10년 ETN(H),12760.0,100.0,+0.79%,0.0
1423.0,TIMEFOLIO 미국나스닥100액티브,10615.0,145.0,+1.38%,0.0
1424.0,신한 인버스 콩 선물 ETN(H),6350.0,20.0,+0.32%,0.0
1425.0,TRUE 인버스 금 선물 ETN,12695.0,0.0,0.00%,0.0
1426.0,ARIRANG iSelect우주항공&UAM,11035.0,35.0,+0.32%,0.0
1427.0,KOSEF Fn중소형,20440.0,65.0,-0.32%,0.0
1428.0,KODEX 미국S&P산업재(합성),21980.0,315.0,+1.45%,0.0
1429.0,TIMEFOLIO 미국S&P500액티브,10510.0,85.0,+0.82%,0.0
1430.0,KODEX 최소변동성,10330.0,35.0,-0.34%,0.0
1431.0,신한 인버스 옥수수 선물 ETN(H),6170.0,35.0,+0.57%,0.0
1432.0,메리츠 인버스 구리 선물 ETN(H),12340.0,220.0,+1.82%,0.0
1433.0,신한 인버스 은 선물 ETN(H),6155.0,50.0,-0.81%,0.0
1434.0,TIGER 배당성장,15780.0,55.0,-0.35%,0.0
1435.0,삼성 인버스 구리 선물 ETN(H),12275.0,190.0,+1.57%,0.0
1436.0,ARIRANG 국채선물10년,50065.0,180.0,+0.36%,0.0
1437.0,에셋플러스 코리아플랫폼액티브,6425.0,30.0,-0.46%,0.0
1438.0,신한 달러인덱스 선물 ETN(H),12185.0,55.0,+0.45%,0.0
1439.0,FOCUS ESG리더스,9740.0,35.0,-0.36%,0.0
1440.0,태영건설우,9330.0,0.0,0.00%,500.0
1441.0,삼성 인버스 코스피 200 선물 ETN,12115.0,90.0,+0.75%,0.0
1442.0,TIGER LG그룹+펀더멘털,8965.0,0.0,0.00%,0.0
1443.0,KODEX 200exTOP,10910.0,20.0,-0.18%,0.0
1444.0,TRUE 인버스 HSCEI ETN(H) B,12000.0,0.0,0.00%,0.0
1445.0,삼양사우,32400.0,650.0,-1.97%,5000.0
1446.0,TIGER 글로벌사이버보안INDXX,10535.0,315.0,-2.90%,0.0
1447.0,SK증권우,3010.0,55.0,+1.86%,500.0
1448.0,KOSEF 코스닥150,5545.0,5.0,-0.09%,0.0
1449.0,메리츠 인버스 2X 국채10년 ETN,11750.0,65.0,-0.55%,0.0
1450.0,메리츠 레버리지 구리 선물 ETN(H),11720.0,0.0,0.00%,0.0
1451.0,SOL 차이나태양광CSI(합성),9750.0,95.0,-0.96%,0.0
1452.0,SOL 유럽탄소배출권선물S&P(H),12965.0,220.0,+1.73%,0.0
1453.0,하나 레버리지 구리 선물 ETN(H),11650.0,0.0,0.00%,0.0
1454.0,KODEX 구리선물(H),6105.0,125.0,-2.01%,0.0
1455.0,ARIRANG 고배당주채권혼합,10495.0,35.0,+0.33%,0.0
1456.0,QV 레버리지 구리 선물 ETN(H),11540.0,0.0,0.00%,0.0
1457.0,하나 인버스 2X 옥수수 선물 ETN(H),11525.0,210.0,+1.86%,0.0
1458.0,KINDEX 글로벌브랜드TOP10블룸버그,10440.0,10.0,-0.10%,0.0
1459.0,하나 인버스 코스닥150 선물 ETN,11455.0,15.0,+0.13%,0.0
1460.0,삼성 인버스 코스닥 150 선물 ETN,11445.0,20.0,-0.17%,0.0
1461.0,메리츠 대표 농산물 선물 ETN(H),11445.0,190.0,-1.63%,0.0
1462.0,KODEX KRX300레버리지,11420.0,170.0,-1.47%,0.0
1463.0,KODEX 미국스마트모빌리티S&P,7120.0,70.0,-0.97%,0.0
1464.0,TIGER 일본TOPIX헬스케어(합성),11365.0,45.0,-0.39%,0.0
1465.0,메리츠 인버스 미국채10년 ETN(H),11365.0,45.0,+0.40%,0.0
1466.0,대신 인버스 니켈선물 ETN(H),1985.0,65.0,+3.39%,0.0
1467.0,TRUE 유로스탁스50 양매도 5% OTM ETN(H),11300.0,15.0,-0.13%,0.0
1468.0,WOORI AI ESG액티브,8030.0,50.0,-0.62%,0.0
1469.0,KB 인버스 2X S&P 500 선물 ETN,11235.0,145.0,-1.27%,0.0
1470.0,TIGER MSCI KOREA ESG유니버설,9335.0,45.0,-0.48%,0.0
1471.0,삼성 레버리지 구리 선물 ETN(H),11135.0,480.0,-4.13%,0.0
1472.0,KOSEF 고배당,7950.0,20.0,-0.25%,0.0
1473.0,하나 인버스 2X 콩 선물 ETN(H),11130.0,95.0,+0.86%,0.0
1474.0,KBSTAR 차이나HSCEI(H),7925.0,140.0,-1.74%,0.0
1475.0,TIGER 글로벌멀티에셋TIF액티브,10035.0,80.0,+0.80%,0.0
1476.0,TRUE 금 선물 ETN,10985.0,25.0,-0.23%,0.0
1477.0,TRUE 인버스 2X S&P500 선물 ETN(H),2195.0,40.0,-1.79%,0.0
1478.0,메리츠 인버스 2X 미국채30년 ETN(H),10945.0,230.0,+2.15%,0.0
1479.0,에셋플러스 글로벌대장장이액티브,10715.0,20.0,-0.19%,0.0
1480.0,메리츠 인버스 국채10년 ETN,10920.0,25.0,-0.23%,0.0
1481.0,TRUE S&P500 양매도 4% OTM ETN(H),10885.0,0.0,0.00%,0.0
1482.0,신한 인버스 Russell 2000 ETN,10875.0,50.0,+0.46%,0.0
1483.0,SOL 차이나육성산업액티브(합성),8355.0,90.0,+1.09%,0.0
1484.0,대덕1우,8940.0,40.0,-0.45%,500.0
1485.0,신한 인버스 2X 미국달러 선물 ETN,5385.0,65.0,-1.19%,0.0
1486.0,일양약품우,24200.0,200.0,-0.82%,2500.0
1487.0,TRUE 레버리지 은 선물 ETN,10760.0,215.0,+2.04%,0.0
1488.0,HANARO 고배당,10235.0,30.0,-0.29%,0.0
1489.0,KB 인버스 2X 금 선물 ETN(H),21485.0,0.0,0.00%,0.0
1490.0,QV iSelect-WG 그린에너지 ESG ETN,10710.0,0.0,0.00%,0.0
1491.0,KB KRX ESG Eco ETN,10700.0,125.0,-1.15%,0.0
1492.0,대신 인버스 알루미늄 선물 ETN(H),10685.0,80.0,+0.75%,0.0
1493.0,TRUE 인버스 베트남 VN30 선물 ETN(H),10680.0,40.0,-0.37%,0.0
1494.0,신한 레버리지 Russell 2000 ETN,10660.0,35.0,-0.33%,0.0
1495.0,KB 레버리지 나스닥 100 ETN,10635.0,305.0,+2.95%,0.0
1496.0,미래에셋 레버리지 은 선물 ETN,10635.0,205.0,+1.97%,0.0
1497.0,넥센우,2930.0,95.0,+3.35%,500.0
1498.0,KODEX Fn K-뉴딜디지털플러스,8775.0,5.0,-0.06%,0.0
1499.0,KBSTAR 미국고정배당우선증권ICE TR,10530.0,20.0,+0.19%,0.0
1500.0,메리츠 인버스 미국채30년 ETN(H),10525.0,125.0,+1.20%,0.0
1501.0,삼성 인버스 금 선물 ETN(H),10490.0,0.0,0.00%,0.0
1502.0,KB 레버리지 KRX 리츠 TOP 10 ETN,10475.0,0.0,0.00%,0.0
1503.0,파워 코스피100,23745.0,55.0,-0.23%,0.0
1504.0,성신양회우,14200.0,100.0,-0.70%,5000.0
1505.0,KODEX 200동일가중,10435.0,35.0,+0.34%,0.0
1506.0,TIGER 200 철강소재,8000.0,190.0,-2.32%,0.0
1507.0,삼성 인버스 나스닥 100 ETN(H),10380.0,125.0,-1.19%,0.0
1508.0,삼성 인버스 2X 금 선물 ETN(H),10340.0,20.0,+0.19%,0.0
1509.0,KODEX 미국S&P바이오(합성),25460.0,700.0,+2.83%,0.0
1510.0,SOL KRX300,14710.0,80.0,-0.54%,0.0
1511.0,KB S&P 유럽탄소배출권 선물 ETN(H),10275.0,120.0,+1.18%,0.0
1512.0,TIGER 은행,6110.0,40.0,-0.65%,0.0
1513.0,KINDEX 일본TOPIX레버리지(H),20525.0,75.0,-0.36%,0.0
1514.0,대신 인버스 밀 선물 ETN(H),10235.0,260.0,+2.61%,0.0
1515.0,삼성 KRX 리츠 TOP10 월배당 ETN,10215.0,40.0,-0.39%,0.0
1516.0,ARIRANG 고배당저변동50,10750.0,25.0,-0.23%,0.0
1517.0,TIGER 일본TOPIX(합성 H),15925.0,30.0,-0.19%,0.0
1518.0,TRUE 블룸버그 WTI원유 선물 ETN,10190.0,135.0,-1.31%,0.0
1519.0,KODEX ESG종합채권(A-이상)액티브,98835.0,195.0,-0.20%,0.0
1520.0,삼성 블룸버그 WTI원유 선물 ETN,10160.0,140.0,-1.36%,0.0
1521.0,삼성 FnGuide 웹 3.0 ETN,10150.0,55.0,-0.54%,0.0
1522.0,KOSEF 물가채KIS,101215.0,180.0,+0.18%,0.0
1523.0,KINDEX 중국본토CSI300레버리지(합성),4210.0,15.0,-0.36%,0.0
1524.0,KINDEX 골드선물 레버리지(합성 H),14345.0,60.0,-0.42%,0.0
1525.0,KB FnGuide 언택트 ETN,10005.0,15.0,+0.15%,0.0
1526.0,대신 알루미늄 선물 ETN(H),9960.0,25.0,-0.25%,0.0
1527.0,SOL 한국형글로벌반도체액티브,9015.0,70.0,-0.77%,0.0
1528.0,KODEX KTOP30,16430.0,85.0,-0.51%,0.0
1529.0,KOSEF 블루칩,8075.0,5.0,-0.06%,0.0
1530.0,삼성 인버스 China A50 선물 ETN(H),9665.0,125.0,+1.31%,0.0
1531.0,코오롱글로벌우,30800.0,600.0,+1.99%,5000.0
1532.0,KBSTAR KRX300,14740.0,115.0,-0.77%,0.0
1533.0,크라운제과우,12350.0,100.0,-0.80%,200.0
1534.0,KODEX 콩선물(H),13630.0,115.0,-0.84%,0.0
1535.0,KODEX TDF2050액티브,10550.0,90.0,+0.86%,0.0
1536.0,KOSEF 미국달러선물인버스,8745.0,55.0,-0.62%,0.0
1537.0,메리츠 미국채30년 ETN(H),9440.0,100.0,-1.05%,0.0
1538.0,신한 인버스 2X 다우존스지수 선물 ETN(H),2355.0,20.0,-0.84%,0.0
1539.0,ARIRANG 200선물레버리지,26765.0,265.0,-0.98%,0.0
1540.0,KODEX 일본TOPIX100,15600.0,120.0,-0.76%,0.0
1541.0,TIGER 미국달러선물레버리지,13330.0,150.0,+1.14%,0.0
1542.0,삼성 금 선물 ETN(H),9310.0,20.0,-0.21%,0.0
1543.0,TRUE 인버스 2X HSCEI ETN(H),9295.0,230.0,+2.54%,0.0
1544.0,메리츠 금 선물 ETN(H),9270.0,20.0,-0.22%,0.0
1545.0,메리츠 국채10년 ETN,9250.0,35.0,+0.38%,0.0
1546.0,HANARO 탄소효율그린뉴딜,7700.0,40.0,-0.52%,0.0
1547.0,UNICORN R&D 액티브,10230.0,45.0,-0.44%,0.0
1548.0,KBSTAR 글로벌수소경제Indxx,10830.0,285.0,-2.56%,0.0
1549.0,KINDEX 미국IT인터넷S&P(합성 H),11490.0,60.0,-0.52%,0.0
1550.0,KBSTAR 중장기국공채액티브,97610.0,355.0,+0.37%,0.0
1551.0,마이다스 KoreaStock액티브,17445.0,25.0,-0.14%,0.0
1552.0,KODEX 차이나메타버스액티브,10770.0,65.0,-0.60%,0.0
1553.0,SOL 한국형글로벌플랫폼&메타버스액티브,10150.0,110.0,+1.10%,0.0
1554.0,TIGER 유로스탁스레버리지(합성 H),6520.0,50.0,-0.76%,0.0
1555.0,대상홀딩스우,9990.0,60.0,-0.60%,1000.0
1556.0,KODEX TSE일본리츠(H),13030.0,10.0,-0.08%,0.0
1557.0,메리츠 레버리지 은 선물 ETN(H),9120.0,60.0,+0.66%,0.0
1558.0,KOSEF 국고채10년레버리지,101335.0,920.0,+0.92%,0.0
1559.0,덕성우,6550.0,90.0,-1.36%,500.0
1560.0,KBSTAR 중국MSCI China(H),8680.0,120.0,-1.36%,0.0
1561.0,KINDEX 싱가포르리츠,12970.0,80.0,+0.62%,0.0
1562.0,TIGER 미국나스닥넥스트100,10670.0,105.0,+0.99%,0.0
1563.0,TRUE FnGuide IoT ETN,9050.0,110.0,-1.20%,0.0
1564.0,TIGER 코스닥150바이오테크,7935.0,20.0,-0.25%,0.0
1565.0,QV 레버리지 은 선물 ETN(H),9045.0,100.0,+1.12%,0.0
1566.0,SOL 한국형글로벌전기차&2차전지액티브,10030.0,5.0,+0.05%,0.0
1567.0,TRUE 베트남 VN30 선물 ETN(H),9025.0,20.0,+0.22%,0.0
1568.0,TIGER 이머징마켓MSCI레버리지(합성 H),7250.0,160.0,-2.16%,0.0
1569.0,미래에셋 인버스 에너지화학 Core5 ETN,4490.0,40.0,+0.90%,0.0
1570.0,DB하이텍1우,79600.0,2400.0,-2.93%,5000.0
1571.0,TIGER S&P글로벌인프라(합성),12745.0,25.0,+0.20%,0.0
1572.0,TRUE 구리 선물 ETN,8920.0,160.0,-1.76%,0.0
1573.0,KODEX 혁신기술테마액티브,11130.0,70.0,-0.62%,0.0
1574.0,메리츠 CSI 300 ETN,8870.0,0.0,0.00%,0.0
1575.0,KODEX MSCI Korea,14775.0,100.0,-0.67%,0.0
1576.0,신한 인버스 2X Russell 2000 ETN,8860.0,120.0,+1.37%,0.0
1577.0,KOSEF KRX100,4920.0,30.0,-0.61%,0.0
1578.0,KBSTAR 국채선물10년,49385.0,230.0,+0.47%,0.0
1579.0,메리츠 레버리지 미국채30년 ETN(H),8770.0,195.0,-2.18%,0.0
1580.0,메리츠 미국채10년 ETN(H),8765.0,40.0,-0.45%,0.0
1581.0,KINDEX 중장기국공채액티브,94115.0,95.0,+0.10%,0.0
1582.0,삼성 나스닥 100 ETN(H),8750.0,110.0,+1.27%,0.0
1583.0,대신 2X 알루미늄 선물 ETN(H),8730.0,135.0,-1.52%,0.0
1584.0,ARIRANG KRX300,14460.0,100.0,-0.69%,0.0
1585.0,한양증권우,16450.0,50.0,+0.30%,5000.0
1586.0,동원시스템즈우,32650.0,250.0,+0.77%,5000.0
1587.0,KINDEX 멕시코MSCI(합성),10725.0,80.0,+0.75%,0.0
1588.0,HANARO Fn5G산업,11400.0,10.0,-0.09%,0.0
1589.0,TREX 펀더멘탈 200,34030.0,220.0,-0.64%,0.0
1590.0,KB 인버스 KOSPI 200 선물 ETN,12100.0,190.0,+1.60%,0.0
1591.0,KB 레버리지 금 선물 ETN(H),16920.0,75.0,-0.44%,0.0
1592.0,TRUE 레버리지 유로스탁스50 ETN(H) B,8450.0,75.0,-0.88%,0.0
1593.0,메리츠 레버리지 국채10년 ETN,8390.0,65.0,+0.78%,0.0
1594.0,삼성 코스피 양매도 5% OTM ETN,8375.0,0.0,0.00%,0.0
1595.0,KINDEX 스마트밸류,11930.0,60.0,-0.50%,0.0
1596.0,신한 인버스 다우존스지수 선물 ETN(H),4170.0,25.0,-0.60%,0.0
1597.0,HANARO Fn친환경에너지,9235.0,155.0,-1.65%,0.0
1598.0,TIGER 우선주,10935.0,40.0,-0.36%,0.0
1599.0,KBSTAR 글로벌농업경제MV,10375.0,60.0,-0.57%,0.0
1600.0,KODEX Fn웹툰&드라마,5915.0,0.0,0.00%,0.0
1601.0,ARIRANG 단기채권액티브,106000.0,30.0,-0.03%,0.0
1602.0,KODEX 모멘텀Plus,10320.0,15.0,-0.15%,0.0
1603.0,하나 KRX300 ETN,8245.0,140.0,-1.67%,0.0
1604.0,KINDEX 미국스팩&IPO INDXX,6860.0,60.0,-0.87%,0.0
1605.0,하나 코스닥150 선물 ETN,8170.0,25.0,-0.31%,0.0
1606.0,ARIRANG 신흥국MSCI인버스(합성 H),11335.0,155.0,+1.39%,0.0
1607.0,HANARO 미국S&P500,10200.0,185.0,+1.85%,0.0
1608.0,HANARO Fn K-반도체,7755.0,25.0,-0.32%,0.0
1609.0,KINDEX 밸류대형,8120.0,40.0,-0.49%,0.0
1610.0,KBSTAR KQ고배당,12490.0,5.0,-0.04%,0.0
1611.0,KINDEX 미국달러단기채권액티브,10120.0,40.0,+0.40%,0.0
1612.0,대신 S&P WTI원유 선물 ETN,8095.0,235.0,-2.82%,0.0
1613.0,신한 인버스 달러인덱스 선물 ETN(H),8095.0,40.0,-0.49%,0.0
1614.0,TREX 200,32280.0,65.0,-0.20%,0.0
1615.0,삼성 KRX 2차전지 K-뉴딜 ETN,8055.0,35.0,+0.44%,0.0
1616.0,KB 인버스 KOSDAQ150 선물 ETN,11500.0,210.0,+1.86%,0.0
1617.0,KBSTAR KRX300레버리지,11470.0,80.0,-0.69%,0.0
1618.0,KINDEX 미국S&P500채권혼합액티브,9995.0,50.0,+0.50%,0.0
1619.0,TIMEFOLIO K컬처액티브,6660.0,45.0,-0.67%,0.0
1620.0,KINDEX 미국나스닥100채권혼합액티브,9975.0,70.0,+0.71%,0.0
1621.0,삼성 알루미늄 선물 ETN,7935.0,0.0,0.00%,0.0
1622.0,태양금속우,2400.0,15.0,+0.63%,500.0
1623.0,히어로즈 TDF2040액티브,10475.0,100.0,+0.96%,0.0
1624.0,히어로즈 TDF2030액티브,10430.0,65.0,+0.63%,0.0
1625.0,히어로즈 TDF2050액티브,10430.0,70.0,+0.68%,0.0
1626.0,HANARO Fn K-메타버스MZ,7435.0,10.0,-0.13%,0.0
1627.0,KOSEF 미국ETF산업STOXX,10405.0,210.0,+2.06%,0.0
1628.0,TRUE 코스닥 150 ETN,7800.0,130.0,-1.64%,0.0
1629.0,KODEX TDF2040액티브,10390.0,20.0,+0.19%,0.0
1630.0,KINDEX 중국과창판STAR50,7785.0,5.0,+0.06%,0.0
1631.0,TRUE 플래티넘 선물 ETN,7770.0,55.0,-0.70%,0.0
1632.0,삼성 구리 선물 ETN(H),7755.0,95.0,-1.21%,0.0
1633.0,KOSEF 200선물인버스2X,3175.0,25.0,+0.79%,0.0
1634.0,HANARO 글로벌워터MSCI(합성),9680.0,0.0,0.00%,0.0
1635.0,HANARO 원자력iSelect,11030.0,160.0,-1.43%,0.0
1636.0,계양전기우,5500.0,130.0,+2.42%,500.0
1637.0,메리츠 구리 선물 ETN(H),7695.0,195.0,-2.47%,0.0
1638.0,ARIRANG TDF2060액티브,10250.0,10.0,+0.10%,0.0
1639.0,TRUE 은 선물 ETN,7665.0,50.0,+0.66%,0.0
1640.0,ARIRANG TDF2050액티브,10210.0,55.0,+0.54%,0.0
1641.0,금호건설우,26200.0,150.0,+0.58%,5000.0
1642.0,KBSTAR 글로벌데이터센터리츠나스닥(합성),11750.0,65.0,+0.56%,0.0
1643.0,ARIRANG K-유니콘투자기업액티브,10135.0,30.0,+0.30%,0.0
1644.0,KINDEX 레버리지,5845.0,60.0,-1.02%,0.0
1645.0,노루페인트우,16400.0,1200.0,+7.89%,500.0
1646.0,메리츠 레버리지 미국채10년 ETN(H),7550.0,55.0,-0.72%,0.0
1647.0,금강공업우,12800.0,100.0,-0.78%,1000.0
1648.0,HANARO Fn K-푸드,9420.0,55.0,-0.58%,0.0
1649.0,KBSTAR 미국장기국채선물인버스(H),9400.0,85.0,+0.91%,0.0
1650.0,KINDEX 삼성그룹동일가중,15010.0,30.0,+0.20%,0.0
1651.0,SOL KRX기후변화솔루션,9380.0,25.0,-0.27%,0.0
1652.0,ARIRANG TDF2040액티브,9995.0,20.0,-0.20%,0.0
1653.0,ARIRANG TDF2030액티브,9990.0,10.0,-0.10%,0.0
1654.0,MASTER 테크미디어텔레콤액티브,7875.0,5.0,-0.06%,0.0
1655.0,신한 인버스 2X S&P500 선물 ETN,3735.0,50.0,-1.32%,0.0
1656.0,ARIRANG 글로벌MSCI(합성 H),14580.0,40.0,+0.28%,0.0
1657.0,KODEX 밸류Plus,8260.0,5.0,-0.06%,0.0
1658.0,히어로즈 글로벌리츠이지스액티브,9900.0,5.0,-0.05%,0.0
1659.0,KBSTAR KRX기후변화솔루션,9230.0,65.0,-0.70%,0.0
1660.0,신한 인버스 2X 10년 국채선물 ETN,10545.0,10.0,-0.09%,0.0
1661.0,미래에셋 인버스 천연가스 선물 ETN(H),7380.0,95.0,-1.27%,0.0
1662.0,메리츠 인버스 천연가스 선물 ETN(H),7375.0,90.0,-1.21%,0.0
1663.0,메리츠 STAR 50 ETN,7355.0,0.0,0.00%,0.0
1664.0,KINDEX 일본TOPIX인버스(합성 H),4075.0,10.0,-0.24%,0.0
1665.0,ARIRANG 선진국MSCI(합성 H),9350.0,260.0,-2.71%,0.0
1666.0,JW중외제약2우B,70800.0,100.0,-0.14%,2500.0
1667.0,마이다스 200커버드콜5%OTM,12120.0,80.0,-0.66%,0.0
1668.0,메리츠 국채30년 ETN,7270.0,10.0,-0.14%,0.0
1669.0,마이다스 KoreaStock중소형액티브,19330.0,10.0,+0.05%,0.0
1670.0,KINDEX 베트남VN30선물블룸버그레버리지(H),14445.0,275.0,+1.94%,0.0
1671.0,KBSTAR 주식혼합,36060.0,30.0,-0.08%,0.0
1672.0,TIGER 경기방어채권혼합,8960.0,5.0,-0.06%,0.0
1673.0,KBSTAR KRX300미국달러선물혼합,14330.0,5.0,+0.03%,0.0
1674.0,KODEX MSCI밸류,10235.0,55.0,-0.53%,0.0
1675.0,ARIRANG S&P글로벌인프라,14290.0,190.0,-1.31%,0.0
1676.0,KINDEX 스마트하이베타,11745.0,50.0,-0.42%,0.0
1677.0,KBSTAR Fn K-뉴딜디지털플러스,8780.0,5.0,-0.06%,0.0
1678.0,메리츠 은 선물 ETN(H),7015.0,35.0,+0.50%,0.0
1679.0,KBSTAR 차이나항셍테크,6095.0,95.0,-1.53%,0.0
1680.0,TIGER KTOP30,8195.0,85.0,-1.03%,0.0
1681.0,서울식품우,3130.0,0.0,0.00%,100.0
1682.0,코리아써키트2우B,8880.0,40.0,+0.45%,500.0
1683.0,깨끗한나라우,19000.0,0.0,0.00%,1000.0
1684.0,ARIRANG 심천차이넥스트(합성),11585.0,35.0,-0.30%,0.0
1685.0,삼성 은 선물 ETN(H),6950.0,0.0,0.00%,0.0
1686.0,대원전선우,2650.0,20.0,-0.75%,500.0
1687.0,남선알미우,22550.0,150.0,+0.67%,500.0
1688.0,TIGER 금은선물(H),8670.0,25.0,-0.29%,0.0
1689.0,ARIRANG KS밸류가중TR,13830.0,40.0,-0.29%,0.0
1690.0,크라운해태홀딩스우,11500.0,100.0,-0.86%,500.0
1691.0,KODEX Fn멀티팩터,11505.0,200.0,-1.71%,0.0
1692.0,KODEX 경기소비재,9805.0,40.0,-0.41%,0.0
1693.0,하이트진로홀딩스우,14500.0,0.0,0.00%,5000.0
1694.0,FOCUS 혁신기업액티브,7575.0,10.0,-0.13%,0.0
1695.0,KINDEX 스마트로우볼,13515.0,65.0,-0.48%,0.0
1696.0,KB 레버리지 FANG 플러스 ETN(H),13495.0,205.0,+1.54%,0.0
1697.0,ARIRANG 글로벌인공지능산업MV,8985.0,40.0,-0.44%,0.0
1698.0,TRUE 인버스 2X 유로스탁스50 ETN(H),3365.0,15.0,+0.45%,0.0
1699.0,KINDEX 코스닥(합성),11210.0,65.0,-0.58%,0.0
1700.0,마이티 코스피100,24000.0,0.0,0.00%,0.0
1701.0,WOORI 미국S&P우주항공&디펜스,9585.0,75.0,-0.78%,0.0
1702.0,신한 레버리지 10년 국채선물 ETN,9545.0,50.0,+0.53%,0.0
1703.0,MASTER 스마트커머스액티브,7820.0,30.0,-0.38%,0.0
1704.0,JW중외제약우,36300.0,50.0,-0.14%,2500.0
1705.0,KODEX 미국채울트라30년선물인버스(H),9470.0,110.0,+1.18%,0.0
1706.0,현대비앤지스틸우,59900.0,400.0,-0.66%,5000.0
1707.0,신한 인버스 2X 금 선물 ETN,6580.0,50.0,+0.77%,0.0
1708.0,ARIRANG Fn K리츠,8720.0,15.0,-0.17%,0.0
1709.0,HANARO 미국메타버스iSelect,9330.0,0.0,0.00%,0.0
1710.0,KBSTAR 차이나H선물인버스(H),13000.0,200.0,+1.56%,0.0
1711.0,히어로즈 리츠이지스액티브,8640.0,5.0,+0.06%,0.0
1712.0,HANARO 글로벌백신치료제MSCI,9915.0,260.0,+2.69%,0.0
1713.0,TIGER 코스피중형주,14290.0,125.0,-0.87%,0.0
1714.0,HANARO KRX300,14280.0,95.0,-0.66%,0.0
1715.0,HANARO KAP초장기국고채,37330.0,515.0,+1.40%,0.0
1716.0,ARIRANG KS로우사이즈가중TR,14250.0,40.0,-0.28%,0.0
1717.0,TIGER 200에너지화학레버리지,12805.0,105.0,-0.81%,0.0
1718.0,TIGER 200커뮤니케이션서비스,19945.0,85.0,-0.42%,0.0
1719.0,HANARO 농업융복합산업,11580.0,35.0,-0.30%,0.0
1720.0,대신 2X 철광석 선물 ETN(H),6325.0,740.0,-10.47%,0.0
1721.0,TIGER 모멘텀,22525.0,125.0,+0.56%,0.0
1722.0,TIGER 코스닥150IT,13125.0,130.0,-0.98%,0.0
1723.0,TIGER 차이나항셍25,13980.0,130.0,-0.92%,0.0
1724.0,TRUE 인버스 유로스탁스50 ETN(H) B,6265.0,25.0,+0.40%,0.0
1725.0,ARIRANG 코스피,24970.0,45.0,-0.18%,0.0
1726.0,KBSTAR V&S셀렉트밸류,12450.0,110.0,-0.88%,0.0
1727.0,동부건설우,27500.0,100.0,-0.36%,5000.0
1728.0,삼성 HSCEI ETN(H),6180.0,100.0,-1.59%,0.0
1729.0,ARIRANG 스마트베타Quality채권혼합,10300.0,0.0,0.00%,0.0
1730.0,KBSTAR 5대그룹주,6160.0,5.0,-0.08%,0.0
1731.0,KINDEX 코스피,24580.0,50.0,-0.20%,0.0
1732.0,KINDEX Fn성장소비주도주,6115.0,40.0,+0.66%,0.0
1733.0,KODEX MSCI모멘텀,10135.0,10.0,-0.10%,0.0
1734.0,KOSEF 독일DAX,8090.0,30.0,-0.37%,0.0
1735.0,KOSEF 릭소글로벌디지털경제MSCI,7565.0,100.0,-1.30%,0.0
1736.0,KBSTAR Fn창업투자회사,7955.0,40.0,-0.50%,0.0
1737.0,TIGER 200 산업재,6415.0,25.0,+0.39%,0.0
1738.0,SK네트웍스우,52700.0,3100.0,-5.56%,2500.0
1739.0,TIGER 미국달러선물인버스2X,6570.0,115.0,-1.72%,0.0
1740.0,KBSTAR 200중공업,9815.0,120.0,-1.21%,0.0
1741.0,TIGER 라틴35,3925.0,10.0,+0.26%,0.0
1742.0,TIGER 200커버드콜5%OTM,11720.0,80.0,-0.68%,0.0
1743.0,ARIRANG 글로벌수소&차세대연료전지MV,9750.0,225.0,-2.26%,0.0
1744.0,KODEX 200 중소형,11690.0,60.0,-0.51%,0.0
1745.0,파워 고배당저변동성,27700.0,35.0,-0.13%,0.0
1746.0,KB 레버리지 KRX 2차전지 K-뉴딜 ETN,5785.0,170.0,+3.03%,0.0
1747.0,삼성 레버리지 KRX 2차전지 K-뉴딜 ETN,5770.0,110.0,+1.94%,0.0
1748.0,ARIRANG 국채선물3년,51445.0,25.0,+0.05%,0.0
1749.0,KBSTAR 헬스케어,11420.0,15.0,-0.13%,0.0
1750.0,KBSTAR 200선물인버스,6340.0,25.0,+0.40%,0.0
1751.0,하나 KRX BBIG K-뉴딜 ETN,5700.0,45.0,-0.78%,0.0
1752.0,KB KOSDAQ 150 선물 ETN,8140.0,55.0,-0.67%,0.0
1753.0,KB KOSPI 200 선물 ETN,8135.0,80.0,-0.97%,0.0
1754.0,KBSTAR 팔라듐선물(H),11360.0,225.0,-1.94%,0.0
1755.0,CJ씨푸드1우,28350.0,150.0,+0.53%,500.0
1756.0,KINDEX 싱가포르리츠채권혼합모닝스타,9415.0,0.0,0.00%,0.0
1757.0,TRUE 인버스 나스닥 100 ETN,5645.0,30.0,-0.53%,0.0
1758.0,삼성 항셍테크 ETN(H),5615.0,185.0,-3.19%,0.0
1759.0,KINDEX 스마트퀄리티,14030.0,60.0,-0.43%,0.0
1760.0,미래에셋 인버스 전기전자 Core5 ETN,2805.0,10.0,-0.36%,0.0
1761.0,TIGER 의료기기,14000.0,20.0,+0.14%,0.0
1762.0,KOSEF 코스닥150선물인버스,9020.0,15.0,-0.17%,0.0
1763.0,KB 레버리지 구리 선물 ETN(H),11075.0,485.0,-4.20%,0.0
1764.0,KBSTAR 200고배당커버드콜ATM,7905.0,25.0,-0.32%,0.0
1765.0,KINDEX 필리핀MSCI(합성),13815.0,0.0,0.00%,0.0
1766.0,ARIRANG 글로벌희토류전략자원기업MV,9175.0,315.0,-3.32%,0.0
1767.0,삼성 KRX BBIG K-뉴딜 ETN,5500.0,5.0,-0.09%,0.0
1768.0,KINDEX 차이나항셍테크,6095.0,160.0,-2.56%,0.0
1769.0,ARIRANG 코스닥150선물인버스,7830.0,10.0,-0.13%,0.0
1770.0,KINDEX 인버스,6070.0,30.0,+0.50%,0.0
1771.0,KINDEX 국채선물10년인버스,109235.0,95.0,-0.09%,0.0
1772.0,유유제약2우B,16750.0,0.0,0.00%,1000.0
1773.0,메리츠 레버리지 KRX300 선물 ETN,5440.0,30.0,+0.55%,0.0
1774.0,HK 베스트일레븐액티브,7765.0,0.0,0.00%,0.0
1775.0,KOSEF 코스닥150선물레버리지,3990.0,5.0,-0.13%,0.0
1776.0,TIGER 지주회사,9860.0,20.0,+0.20%,0.0
1777.0,KINDEX 스마트모멘텀,13540.0,70.0,-0.51%,0.0
1778.0,흥국화재우,7000.0,30.0,-0.43%,5000.0
1779.0,TIGER 200커버드콜ATM,8935.0,35.0,-0.39%,0.0
1780.0,HANARO Fn골프테마,7080.0,5.0,-0.07%,0.0
1781.0,KOSEF 200선물인버스,6395.0,30.0,+0.47%,0.0
1782.0,TIGER 200 경기소비재,15565.0,55.0,+0.35%,0.0
1783.0,KINDEX 국채선물3년인버스,105135.0,0.0,0.00%,0.0
1784.0,HK S&P코리아로우볼,11680.0,0.0,0.00%,0.0
1785.0,노루홀딩스우,21350.0,400.0,+1.91%,500.0
1786.0,ARIRANG KS로우볼가중TR,11550.0,80.0,-0.69%,0.0
1787.0,KBSTAR 우량업종,10375.0,70.0,-0.67%,0.0
1788.0,HANARO KRX기후변화솔루션,9260.0,5.0,-0.05%,0.0
1789.0,메리츠 레버리지 국채30년 ETN,5090.0,5.0,-0.10%,0.0
1790.0,KBSTAR Fn플랫폼테마,7925.0,70.0,-0.88%,0.0
1791.0,KBSTAR 유로스탁스50(H),9160.0,70.0,-0.76%,0.0
1792.0,KINDEX Fn5G플러스,7180.0,70.0,+0.98%,0.0
1793.0,KODEX K-이노베이션액티브,10050.0,25.0,-0.25%,0.0
1794.0,ARIRANG 미국대체투자Top10MV,11060.0,20.0,-0.18%,0.0
1795.0,KBSTAR 200IT,12330.0,65.0,-0.52%,0.0
1796.0,성문전자우,8190.0,120.0,-1.44%,500.0
1797.0,QV 인버스 레버리지 S&P500 ETN,2450.0,25.0,-1.01%,0.0
1798.0,KBSTAR 미국장기국채선물(H),9670.0,75.0,-0.77%,0.0
1799.0,KBSTAR 국채선물10년인버스,54030.0,310.0,-0.57%,0.0
1800.0,TIGER 코스피대형주,11845.0,65.0,-0.55%,0.0
1801.0,TIGER 증권,3425.0,15.0,-0.44%,0.0
1802.0,KODEX MSCI퀄리티,7815.0,60.0,-0.76%,0.0
1803.0,KODEX MSCI EM선물(H),7810.0,80.0,-1.01%,0.0
1804.0,대신 인버스 아연선물 ETN(H),6665.0,305.0,+4.80%,0.0
1805.0,TIGER 방송통신,8260.0,70.0,+0.85%,0.0
1806.0,KB 레버리지 은 선물 ETN(H),9155.0,140.0,+1.55%,0.0
1807.0,진흥기업우B,5330.0,70.0,+1.33%,500.0
1808.0,KODEX 멀티에셋하이인컴(H),9095.0,60.0,-0.66%,0.0
1809.0,KODEX 골드선물인버스(H),7560.0,30.0,+0.40%,0.0
1810.0,HK 하이볼액티브,7500.0,0.0,0.00%,0.0
1811.0,KODEX 국채선물10년인버스,53440.0,220.0,-0.41%,0.0
1812.0,SOL 중국본토 중소형 CSI500(합성 H),4930.0,70.0,-1.40%,0.0
1813.0,KBSTAR 코스닥150선물인버스,5205.0,15.0,-0.29%,0.0
1814.0,TIGER 가격조정,22100.0,45.0,-0.20%,0.0
1815.0,KODEX 국채선물3년인버스,52430.0,80.0,-0.15%,0.0
1816.0,KBSTAR 중소형고배당,10990.0,5.0,+0.05%,0.0
1817.0,마이티 200커버드콜ATM레버리지,7250.0,0.0,0.00%,0.0
1818.0,ARIRANG 200동일가중,9520.0,25.0,-0.26%,0.0
1819.0,진흥기업2우B,14500.0,150.0,+1.05%,500.0
1820.0,KBSTAR 수출주,10660.0,60.0,-0.56%,0.0
1821.0,ARIRANG 코스피중형주,10460.0,5.0,+0.05%,0.0
1822.0,HANARO 코스닥150선물레버리지,7965.0,55.0,-0.69%,0.0
1823.0,TIGER 200 생활소비재,8465.0,20.0,-0.24%,0.0
1824.0,KBSTAR 미국장기국채선물인버스2X(합성 H),8080.0,155.0,+1.96%,0.0
1825.0,TIGER KRX BBIG K-뉴딜레버리지,3845.0,25.0,+0.65%,0.0
1826.0,동양2우B,12900.0,100.0,+0.78%,500.0
1827.0,미래에셋 인버스 원유선물혼합 ETN(H),3960.0,35.0,+0.89%,0.0
1828.0,KODEX 퀄리티Plus,7830.0,60.0,-0.76%,0.0
1829.0,ARIRANG KS모멘텀가중TR,12925.0,65.0,-0.50%,0.0
1830.0,동양우,6260.0,10.0,-0.16%,500.0
1831.0,TRUE 레버리지 HSCEI ETN(H),3865.0,105.0,-2.64%,0.0
1832.0,KBSTAR 200금융,7310.0,35.0,-0.48%,0.0
1833.0,ARIRANG KS퀄리티가중TR,12595.0,45.0,-0.36%,0.0
1834.0,TIGER 금속선물(H),5850.0,160.0,-2.66%,0.0
1835.0,삼성 레버리지 HSCEI ETN(H),3360.0,100.0,-2.89%,0.0
1836.0,흥국화재2우B,21750.0,100.0,+0.46%,5000.0
1837.0,ARIRANG ESG우수기업,8340.0,10.0,+0.12%,0.0
1838.0,ARIRANG 탄소효율그린뉴딜,7730.0,50.0,-0.64%,0.0
1839.0,KBSTAR 200건설,11020.0,35.0,-0.32%,0.0
1840.0,ARIRANG 중형주저변동50,10175.0,0.0,0.00%,0.0
1841.0,삼성 레버리지 KRX BBIG K-뉴딜 ETN,2860.0,60.0,+2.14%,0.0
1842.0,KB 레버리지 KRX BBIG K-뉴딜 ETN,2850.0,50.0,+1.79%,0.0
1843.0,하나 레버리지 KRX BBIG K-뉴딜 ETN,2785.0,0.0,0.00%,0.0
1844.0,ARIRANG 주도업종,7885.0,50.0,-0.63%,0.0
1845.0,ARIRANG KRX300헬스케어,9005.0,10.0,-0.11%,0.0
1846.0,KBSTAR 모멘텀로우볼,13090.0,105.0,-0.80%,0.0
1847.0,KBSTAR 미국장기국채선물레버리지(합성 H),8715.0,50.0,-0.57%,0.0
1848.0,KBSTAR 팔라듐선물인버스(H),4210.0,50.0,+1.20%,0.0
1849.0,신한 인버스 브렌트원유 선물 ETN(H),2405.0,10.0,+0.42%,0.0
1850.0,ARIRANG 코스닥150,11155.0,10.0,-0.09%,0.0
1851.0,KBSTAR 200철강소재,7740.0,230.0,-2.89%,0.0
1852.0,KBSTAR 200커뮤니케이션서비스,12415.0,115.0,-0.92%,0.0
1853.0,KBSTAR 모멘텀밸류,12115.0,125.0,-1.02%,0.0
1854.0,KBSTAR 200에너지화학,10780.0,75.0,-0.69%,0.0
1855.0,KINDEX Fn K-뉴딜디지털플러스,10525.0,20.0,+0.19%,0.0
1856.0,KBSTAR 200산업재,11610.0,5.0,-0.04%,0.0
1857.0,KBSTAR 200생활소비재,6395.0,35.0,-0.54%,0.0
1858.0,KBSTAR 200경기소비재,9760.0,25.0,+0.26%,0.0
